CNPJ_CIA;DT_REFER;VERSAO;DENOM_CIA;CD_CVM;GRUPO_DFP;MOEDA;ESCALA_MOEDA;ORDEM_EXERC;DT_INI_EXERC;DT_FIM_EXERC;CD_CONTA;DS_CONTA;VL_CONTA;ST_CONTA_FIXA
02.635.522/0001-95;2024-03-31;1;JALLES MACHADO S.A.;025496;DF Consolidado - Demonstração do Resultado;REAL;MIL;PENÚLTIMO;2022-04-01;2023-03-31;3.01;Receita de Venda de Bens e/ou Serviços;1707488.0000000000;S
02.635.522/0001-95;2024-03-31;1;JALLES MACHADO S.A.;025496;DF Consolidado - Demonstração do Resultado;REAL;MIL;ÚLTIMO;2023-04-01;2024-03-31;3.01;Receita de Venda de Bens e/ou Serviços;1909528.0000000000;S
02.635.522/0001-95;2024-03-31;1;JALLES MACHADO S.A.;025496;DF Consolidado - Demonstração do Resultado;REAL;MIL;PENÚLTIMO;2022-04-01;2023-03-31;3.02;Custo dos Bens e/ou Serviços Vendidos;-1160457.0000000000;S
02.635.522/0001-95;2024-03-31;1;JALLES MACHADO S.A.;025496;DF Consolidado - Demonstração do Resultado;REAL;MIL;ÚLTIMO;2023-04-01;2024-03-31;3.02;Custo dos Bens e/ou Serviços Vendidos;-1376156.0000000000;S
02.635.522/0001-95;2024-03-31;1;JALLES MACHADO S.A.;025496;DF Consolidado - Demonstração do Resultado;REAL;MIL;PENÚLTIMO;2022-04-01;2023-03-31;3.02.01;Custo das vendas e serviços;-1120868.0000000000;N
02.635.522/0001-95;2024-03-31;1;JALLES MACHADO S.A.;025496;DF Consolidado - Demonstração do Resultado;REAL;MIL;ÚLTIMO;2023-04-01;2024-03-31;3.02.01;Custo das vendas e serviços;-1357928.0000000000;N
02.635.522/0001-95;2024-03-31;1;JALLES MACHADO S.A.;025496;DF Consolidado - Demonstração do Resultado;REAL;MIL;PENÚLTIMO;2022-04-01;2023-03-31;3.02.02;Variação do valor justo de ativos biológicos;-39589.0000000000;N
02.635.522/0001-95;2024-03-31;1;JALLES MACHADO S.A.;025496;DF Consolidado - Demonstração do Resultado;REAL;MIL;ÚLTIMO;2023-04-01;2024-03-31;3.02.02;Variação do valor justo de ativos biológicos;-18228.0000000000;N
02.635.522/0001-95;2024-03-31;1;JALLES MACHADO S.A.;025496;DF Consolidado - Demonstração do Resultado;REAL;MIL;PENÚLTIMO;2022-04-01;2023-03-31;3.03;Resultado Bruto;547031.0000000000;S
02.635.522/0001-95;2024-03-31;1;JALLES MACHADO S.A.;025496;DF Consolidado - Demonstração do Resultado;REAL;MIL;ÚLTIMO;2023-04-01;2024-03-31;3.03;Resultado Bruto;533372.0000000000;S
02.635.522/0001-95;2024-03-31;1;JALLES MACHADO S.A.;025496;DF Consolidado - Demonstração do Resultado;REAL;MIL;PENÚLTIMO;2022-04-01;2023-03-31;3.04;Despesas/Receitas Operacionais;429602.0000000000;S
02.635.522/0001-95;2024-03-31;1;JALLES MACHADO S.A.;025496;DF Consolidado - Demonstração do Resultado;REAL;MIL;ÚLTIMO;2023-04-01;2024-03-31;3.04;Despesas/Receitas Operacionais;-158488.0000000000;S
02.635.522/0001-95;2024-03-31;1;JALLES MACHADO S.A.;025496;DF Consolidado - Demonstração do Resultado;REAL;MIL;PENÚLTIMO;2022-04-01;2023-03-31;3.04.01;Despesas com Vendas;-136503.0000000000;S
02.635.522/0001-95;2024-03-31;1;JALLES MACHADO S.A.;025496;DF Consolidado - Demonstração do Resultado;REAL;MIL;ÚLTIMO;2023-04-01;2024-03-31;3.04.01;Despesas com Vendas;-138188.0000000000;S
02.635.522/0001-95;2024-03-31;1;JALLES MACHADO S.A.;025496;DF Consolidado - Demonstração do Resultado;REAL;MIL;PENÚLTIMO;2022-04-01;2023-03-31;3.04.02;Despesas Gerais e Administrativas;-103584.0000000000;S
02.635.522/0001-95;2024-03-31;1;JALLES MACHADO S.A.;025496;DF Consolidado - Demonstração do Resultado;REAL;MIL;ÚLTIMO;2023-04-01;2024-03-31;3.04.02;Despesas Gerais e Administrativas;-143196.0000000000;S
02.635.522/0001-95;2024-03-31;1;JALLES MACHADO S.A.;025496;DF Consolidado - Demonstração do Resultado;REAL;MIL;PENÚLTIMO;2022-04-01;2023-03-31;3.04.03;Perdas pela Não Recuperabilidade de Ativos;-3973.0000000000;S
02.635.522/0001-95;2024-03-31;1;JALLES MACHADO S.A.;025496;DF Consolidado - Demonstração do Resultado;REAL;MIL;ÚLTIMO;2023-04-01;2024-03-31;3.04.03;Perdas pela Não Recuperabilidade de Ativos;-2002.0000000000;S
02.635.522/0001-95;2024-03-31;1;JALLES MACHADO S.A.;025496;DF Consolidado - Demonstração do Resultado;REAL;MIL;PENÚLTIMO;2022-04-01;2023-03-31;3.04.04;Outras Receitas Operacionais;670411.0000000000;S
02.635.522/0001-95;2024-03-31;1;JALLES MACHADO S.A.;025496;DF Consolidado - Demonstração do Resultado;REAL;MIL;ÚLTIMO;2023-04-01;2024-03-31;3.04.04;Outras Receitas Operacionais;143263.0000000000;S
02.635.522/0001-95;2024-03-31;1;JALLES MACHADO S.A.;025496;DF Consolidado - Demonstração do Resultado;REAL;MIL;PENÚLTIMO;2022-04-01;2023-03-31;3.04.05;Outras Despesas Operacionais;-4706.0000000000;S
02.635.522/0001-95;2024-03-31;1;JALLES MACHADO S.A.;025496;DF Consolidado - Demonstração do Resultado;REAL;MIL;ÚLTIMO;2023-04-01;2024-03-31;3.04.05;Outras Despesas Operacionais;-31511.0000000000;S
02.635.522/0001-95;2024-03-31;1;JALLES MACHADO S.A.;025496;DF Consolidado - Demonstração do Resultado;REAL;MIL;PENÚLTIMO;2022-04-01;2023-03-31;3.04.06;Resultado de Equivalência Patrimonial;7957.0000000000;S
02.635.522/0001-95;2024-03-31;1;JALLES MACHADO S.A.;025496;DF Consolidado - Demonstração do Resultado;REAL;MIL;ÚLTIMO;2023-04-01;2024-03-31;3.04.06;Resultado de Equivalência Patrimonial;13146.0000000000;S
02.635.522/0001-95;2024-03-31;1;JALLES MACHADO S.A.;025496;DF Consolidado - Demonstração do Resultado;REAL;MIL;PENÚLTIMO;2022-04-01;2023-03-31;3.05;Resultado Antes do Resultado Financeiro e dos Tributos;976633.0000000000;S
02.635.522/0001-95;2024-03-31;1;JALLES MACHADO S.A.;025496;DF Consolidado - Demonstração do Resultado;REAL;MIL;ÚLTIMO;2023-04-01;2024-03-31;3.05;Resultado Antes do Resultado Financeiro e dos Tributos;374884.0000000000;S
02.635.522/0001-95;2024-03-31;1;JALLES MACHADO S.A.;025496;DF Consolidado - Demonstração do Resultado;REAL;MIL;PENÚLTIMO;2022-04-01;2023-03-31;3.06;Resultado Financeiro;-268946.0000000000;S
02.635.522/0001-95;2024-03-31;1;JALLES MACHADO S.A.;025496;DF Consolidado - Demonstração do Resultado;REAL;MIL;ÚLTIMO;2023-04-01;2024-03-31;3.06;Resultado Financeiro;-333739.0000000000;S
02.635.522/0001-95;2024-03-31;1;JALLES MACHADO S.A.;025496;DF Consolidado - Demonstração do Resultado;REAL;MIL;PENÚLTIMO;2022-04-01;2023-03-31;3.06.01;Receitas Financeiras;176282.0000000000;S
02.635.522/0001-95;2024-03-31;1;JALLES MACHADO S.A.;025496;DF Consolidado - Demonstração do Resultado;REAL;MIL;ÚLTIMO;2023-04-01;2024-03-31;3.06.01;Receitas Financeiras;140805.0000000000;S
02.635.522/0001-95;2024-03-31;1;JALLES MACHADO S.A.;025496;DF Consolidado - Demonstração do Resultado;REAL;MIL;PENÚLTIMO;2022-04-01;2023-03-31;3.06.01.01;Receitas Financeiras;176282.0000000000;N
02.635.522/0001-95;2024-03-31;1;JALLES MACHADO S.A.;025496;DF Consolidado - Demonstração do Resultado;REAL;MIL;ÚLTIMO;2023-04-01;2024-03-31;3.06.01.01;Receitas Financeiras;137574.0000000000;N
02.635.522/0001-95;2024-03-31;1;JALLES MACHADO S.A.;025496;DF Consolidado - Demonstração do Resultado;REAL;MIL;PENÚLTIMO;2022-04-01;2023-03-31;3.06.01.02;Variações monetárias e cambiais líquidas;0.0000000000;N
02.635.522/0001-95;2024-03-31;1;JALLES MACHADO S.A.;025496;DF Consolidado - Demonstração do Resultado;REAL;MIL;ÚLTIMO;2023-04-01;2024-03-31;3.06.01.02;Variações monetárias e cambiais líquidas;3231.0000000000;N
02.635.522/0001-95;2024-03-31;1;JALLES MACHADO S.A.;025496;DF Consolidado - Demonstração do Resultado;REAL;MIL;PENÚLTIMO;2022-04-01;2023-03-31;3.06.02;Despesas Financeiras;-445228.0000000000;S
02.635.522/0001-95;2024-03-31;1;JALLES MACHADO S.A.;025496;DF Consolidado - Demonstração do Resultado;REAL;MIL;ÚLTIMO;2023-04-01;2024-03-31;3.06.02;Despesas Financeiras;-474544.0000000000;S
02.635.522/0001-95;2024-03-31;1;JALLES MACHADO S.A.;025496;DF Consolidado - Demonstração do Resultado;REAL;MIL;PENÚLTIMO;2022-04-01;2023-03-31;3.06.02.01;Despesas Financeiras;-275342.0000000000;N
02.635.522/0001-95;2024-03-31;1;JALLES MACHADO S.A.;025496;DF Consolidado - Demonstração do Resultado;REAL;MIL;ÚLTIMO;2023-04-01;2024-03-31;3.06.02.01;Despesas Financeiras;-370634.0000000000;N
02.635.522/0001-95;2024-03-31;1;JALLES MACHADO S.A.;025496;DF Consolidado - Demonstração do Resultado;REAL;MIL;PENÚLTIMO;2022-04-01;2023-03-31;3.06.02.02;Variações monetárias e cambiais líquidas;-7843.0000000000;N
02.635.522/0001-95;2024-03-31;1;JALLES MACHADO S.A.;025496;DF Consolidado - Demonstração do Resultado;REAL;MIL;ÚLTIMO;2023-04-01;2024-03-31;3.06.02.02;Variações monetárias e cambiais líquidas;0.0000000000;N
02.635.522/0001-95;2024-03-31;1;JALLES MACHADO S.A.;025496;DF Consolidado - Demonstração do Resultado;REAL;MIL;PENÚLTIMO;2022-04-01;2023-03-31;3.06.02.03;Instrumentos derivativos líquidos;-162043.0000000000;N
02.635.522/0001-95;2024-03-31;1;JALLES MACHADO S.A.;025496;DF Consolidado - Demonstração do Resultado;REAL;MIL;ÚLTIMO;2023-04-01;2024-03-31;3.06.02.03;Instrumentos derivativos líquidos;-103910.0000000000;N
02.635.522/0001-95;2024-03-31;1;JALLES MACHADO S.A.;025496;DF Consolidado - Demonstração do Resultado;REAL;MIL;PENÚLTIMO;2022-04-01;2023-03-31;3.07;Resultado Antes dos Tributos sobre o Lucro;707687.0000000000;S
02.635.522/0001-95;2024-03-31;1;JALLES MACHADO S.A.;025496;DF Consolidado - Demonstração do Resultado;REAL;MIL;ÚLTIMO;2023-04-01;2024-03-31;3.07;Resultado Antes dos Tributos sobre o Lucro;41145.0000000000;S
02.635.522/0001-95;2024-03-31;1;JALLES MACHADO S.A.;025496;DF Consolidado - Demonstração do Resultado;REAL;MIL;PENÚLTIMO;2022-04-01;2023-03-31;3.08;Imposto de Renda e Contribuição Social sobre o Lucro;-15358.0000000000;S
02.635.522/0001-95;2024-03-31;1;JALLES MACHADO S.A.;025496;DF Consolidado - Demonstração do Resultado;REAL;MIL;ÚLTIMO;2023-04-01;2024-03-31;3.08;Imposto de Renda e Contribuição Social sobre o Lucro;43973.0000000000;S
02.635.522/0001-95;2024-03-31;1;JALLES MACHADO S.A.;025496;DF Consolidado - Demonstração do Resultado;REAL;MIL;PENÚLTIMO;2022-04-01;2023-03-31;3.08.01;Corrente;-2599.0000000000;S
02.635.522/0001-95;2024-03-31;1;JALLES MACHADO S.A.;025496;DF Consolidado - Demonstração do Resultado;REAL;MIL;ÚLTIMO;2023-04-01;2024-03-31;3.08.01;Corrente;-6942.0000000000;S
02.635.522/0001-95;2024-03-31;1;JALLES MACHADO S.A.;025496;DF Consolidado - Demonstração do Resultado;REAL;MIL;PENÚLTIMO;2022-04-01;2023-03-31;3.08.02;Diferido;-12759.0000000000;S
02.635.522/0001-95;2024-03-31;1;JALLES MACHADO S.A.;025496;DF Consolidado - Demonstração do Resultado;REAL;MIL;ÚLTIMO;2023-04-01;2024-03-31;3.08.02;Diferido;50915.0000000000;S
02.635.522/0001-95;2024-03-31;1;JALLES MACHADO S.A.;025496;DF Consolidado - Demonstração do Resultado;REAL;MIL;PENÚLTIMO;2022-04-01;2023-03-31;3.09;Resultado Líquido das Operações Continuadas;692329.0000000000;S
02.635.522/0001-95;2024-03-31;1;JALLES MACHADO S.A.;025496;DF Consolidado - Demonstração do Resultado;REAL;MIL;ÚLTIMO;2023-04-01;2024-03-31;3.09;Resultado Líquido das Operações Continuadas;85118.0000000000;S
02.635.522/0001-95;2024-03-31;1;JALLES MACHADO S.A.;025496;DF Consolidado - Demonstração do Resultado;REAL;MIL;PENÚLTIMO;2022-04-01;2023-03-31;3.10;Resultado Líquido de Operações Descontinuadas;0.0000000000;S
02.635.522/0001-95;2024-03-31;1;JALLES MACHADO S.A.;025496;DF Consolidado - Demonstração do Resultado;REAL;MIL;ÚLTIMO;2023-04-01;2024-03-31;3.10;Resultado Líquido de Operações Descontinuadas;0.0000000000;S
02.635.522/0001-95;2024-03-31;1;JALLES MACHADO S.A.;025496;DF Consolidado - Demonstração do Resultado;REAL;MIL;PENÚLTIMO;2022-04-01;2023-03-31;3.10.01;Lucro/Prejuízo Líquido das Operações Descontinuadas;0.0000000000;S
02.635.522/0001-95;2024-03-31;1;JALLES MACHADO S.A.;025496;DF Consolidado - Demonstração do Resultado;REAL;MIL;ÚLTIMO;2023-04-01;2024-03-31;3.10.01;Lucro/Prejuízo Líquido das Operações Descontinuadas;0.0000000000;S
02.635.522/0001-95;2024-03-31;1;JALLES MACHADO S.A.;025496;DF Consolidado - Demonstração do Resultado;REAL;MIL;PENÚLTIMO;2022-04-01;2023-03-31;3.10.02;Ganhos/Perdas Líquidas sobre Ativos de Operações Descontinuadas;0.0000000000;S
02.635.522/0001-95;2024-03-31;1;JALLES MACHADO S.A.;025496;DF Consolidado - Demonstração do Resultado;REAL;MIL;ÚLTIMO;2023-04-01;2024-03-31;3.10.02;Ganhos/Perdas Líquidas sobre Ativos de Operações Descontinuadas;0.0000000000;S
02.635.522/0001-95;2024-03-31;1;JALLES MACHADO S.A.;025496;DF Consolidado - Demonstração do Resultado;REAL;MIL;PENÚLTIMO;2022-04-01;2023-03-31;3.11;Lucro/Prejuízo Consolidado do Período;692329.0000000000;S
02.635.522/0001-95;2024-03-31;1;JALLES MACHADO S.A.;025496;DF Consolidado - Demonstração do Resultado;REAL;MIL;ÚLTIMO;2023-04-01;2024-03-31;3.11;Lucro/Prejuízo Consolidado do Período;85118.0000000000;S
02.635.522/0001-95;2024-03-31;1;JALLES MACHADO S.A.;025496;DF Consolidado - Demonstração do Resultado;REAL;MIL;PENÚLTIMO;2022-04-01;2023-03-31;3.11.01;Atribuído a Sócios da Empresa Controladora;692329.0000000000;S
02.635.522/0001-95;2024-03-31;1;JALLES MACHADO S.A.;025496;DF Consolidado - Demonstração do Resultado;REAL;MIL;ÚLTIMO;2023-04-01;2024-03-31;3.11.01;Atribuído a Sócios da Empresa Controladora;85118.0000000000;S
02.635.522/0001-95;2024-03-31;1;JALLES MACHADO S.A.;025496;DF Consolidado - Demonstração do Resultado;REAL;MIL;PENÚLTIMO;2022-04-01;2023-03-31;3.11.02;Atribuído a Sócios Não Controladores;0.0000000000;S
02.635.522/0001-95;2024-03-31;1;JALLES MACHADO S.A.;025496;DF Consolidado - Demonstração do Resultado;REAL;MIL;ÚLTIMO;2023-04-01;2024-03-31;3.11.02;Atribuído a Sócios Não Controladores;0.0000000000;S
02.635.522/0001-95;2024-03-31;1;JALLES MACHADO S.A.;025496;DF Consolidado - Demonstração do Resultado;REAL;MIL;PENÚLTIMO;2022-04-01;2023-03-31;3.99;Lucro por Ação - (Reais / Ação);0.0000000000;N
02.635.522/0001-95;2024-03-31;1;JALLES MACHADO S.A.;025496;DF Consolidado - Demonstração do Resultado;REAL;MIL;ÚLTIMO;2023-04-01;2024-03-31;3.99;Lucro por Ação - (Reais / Ação);0.0000000000;N
02.635.522/0001-95;2024-03-31;1;JALLES MACHADO S.A.;025496;DF Consolidado - Demonstração do Resultado;REAL;MIL;PENÚLTIMO;2022-04-01;2023-03-31;3.99.01;Lucro Básico por Ação;0.0000000000;N
02.635.522/0001-95;2024-03-31;1;JALLES MACHADO S.A.;025496;DF Consolidado - Demonstração do Resultado;REAL;MIL;ÚLTIMO;2023-04-01;2024-03-31;3.99.01;Lucro Básico por Ação;0.0000000000;N
02.635.522/0001-95;2024-03-31;1;JALLES MACHADO S.A.;025496;DF Consolidado - Demonstração do Resultado;REAL;MIL;PENÚLTIMO;2022-04-01;2023-03-31;3.99.01.01;ON;2.3564300000;N
02.635.522/0001-95;2024-03-31;1;JALLES MACHADO S.A.;025496;DF Consolidado - Demonstração do Resultado;REAL;MIL;ÚLTIMO;2023-04-01;2024-03-31;3.99.01.01;ON;0.2862200000;N
02.635.522/0001-95;2024-03-31;1;JALLES MACHADO S.A.;025496;DF Consolidado - Demonstração do Resultado;REAL;MIL;PENÚLTIMO;2022-04-01;2023-03-31;3.99.02;Lucro Diluído por Ação;0.0000000000;N
02.635.522/0001-95;2024-03-31;1;JALLES MACHADO S.A.;025496;DF Consolidado - Demonstração do Resultado;REAL;MIL;ÚLTIMO;2023-04-01;2024-03-31;3.99.02;Lucro Diluído por Ação;0.0000000000;N
02.635.522/0001-95;2024-03-31;1;JALLES MACHADO S.A.;025496;DF Consolidado - Demonstração do Resultado;REAL;MIL;PENÚLTIMO;2022-04-01;2023-03-31;3.99.02.01;ON;2.3564300000;N
02.635.522/0001-95;2024-03-31;1;JALLES MACHADO S.A.;025496;DF Consolidado - Demonstração do Resultado;REAL;MIL;ÚLTIMO;2023-04-01;2024-03-31;3.99.02.01;ON;0.2862200000;N
06.981.381/0001-13;2024-03-31;2;CTC - CENTRO DE TECNOLOGIA CANAVIEIRA S.A.;023981;DF Consolidado - Demonstração do Resultado;REAL;MIL;PENÚLTIMO;2022-04-01;2023-03-31;3.01;Receita de Venda de Bens e/ou Serviços;367142.0000000000;S
06.981.381/0001-13;2024-03-31;2;CTC - CENTRO DE TECNOLOGIA CANAVIEIRA S.A.;023981;DF Consolidado - Demonstração do Resultado;REAL;MIL;ÚLTIMO;2023-04-01;2024-03-31;3.01;Receita de Venda de Bens e/ou Serviços;382068.0000000000;S
06.981.381/0001-13;2024-03-31;2;CTC - CENTRO DE TECNOLOGIA CANAVIEIRA S.A.;023981;DF Consolidado - Demonstração do Resultado;REAL;MIL;PENÚLTIMO;2022-04-01;2023-03-31;3.02;Custo dos Bens e/ou Serviços Vendidos;-155343.0000000000;S
06.981.381/0001-13;2024-03-31;2;CTC - CENTRO DE TECNOLOGIA CANAVIEIRA S.A.;023981;DF Consolidado - Demonstração do Resultado;REAL;MIL;ÚLTIMO;2023-04-01;2024-03-31;3.02;Custo dos Bens e/ou Serviços Vendidos;-127130.0000000000;S
06.981.381/0001-13;2024-03-31;2;CTC - CENTRO DE TECNOLOGIA CANAVIEIRA S.A.;023981;DF Consolidado - Demonstração do Resultado;REAL;MIL;PENÚLTIMO;2022-04-01;2023-03-31;3.03;Resultado Bruto;211799.0000000000;S
06.981.381/0001-13;2024-03-31;2;CTC - CENTRO DE TECNOLOGIA CANAVIEIRA S.A.;023981;DF Consolidado - Demonstração do Resultado;REAL;MIL;ÚLTIMO;2023-04-01;2024-03-31;3.03;Resultado Bruto;254938.0000000000;S
06.981.381/0001-13;2024-03-31;2;CTC - CENTRO DE TECNOLOGIA CANAVIEIRA S.A.;023981;DF Consolidado - Demonstração do Resultado;REAL;MIL;PENÚLTIMO;2022-04-01;2023-03-31;3.04;Despesas/Receitas Operacionais;-119162.0000000000;S
06.981.381/0001-13;2024-03-31;2;CTC - CENTRO DE TECNOLOGIA CANAVIEIRA S.A.;023981;DF Consolidado - Demonstração do Resultado;REAL;MIL;ÚLTIMO;2023-04-01;2024-03-31;3.04;Despesas/Receitas Operacionais;-104159.0000000000;S
06.981.381/0001-13;2024-03-31;2;CTC - CENTRO DE TECNOLOGIA CANAVIEIRA S.A.;023981;DF Consolidado - Demonstração do Resultado;REAL;MIL;PENÚLTIMO;2022-04-01;2023-03-31;3.04.01;Despesas com Vendas;0.0000000000;S
06.981.381/0001-13;2024-03-31;2;CTC - CENTRO DE TECNOLOGIA CANAVIEIRA S.A.;023981;DF Consolidado - Demonstração do Resultado;REAL;MIL;ÚLTIMO;2023-04-01;2024-03-31;3.04.01;Despesas com Vendas;0.0000000000;S
06.981.381/0001-13;2024-03-31;2;CTC - CENTRO DE TECNOLOGIA CANAVIEIRA S.A.;023981;DF Consolidado - Demonstração do Resultado;REAL;MIL;PENÚLTIMO;2022-04-01;2023-03-31;3.04.02;Despesas Gerais e Administrativas;-105610.0000000000;S
06.981.381/0001-13;2024-03-31;2;CTC - CENTRO DE TECNOLOGIA CANAVIEIRA S.A.;023981;DF Consolidado - Demonstração do Resultado;REAL;MIL;ÚLTIMO;2023-04-01;2024-03-31;3.04.02;Despesas Gerais e Administrativas;-109935.0000000000;S
06.981.381/0001-13;2024-03-31;2;CTC - CENTRO DE TECNOLOGIA CANAVIEIRA S.A.;023981;DF Consolidado - Demonstração do Resultado;REAL;MIL;PENÚLTIMO;2022-04-01;2023-03-31;3.04.03;Perdas pela Não Recuperabilidade de Ativos;0.0000000000;S
06.981.381/0001-13;2024-03-31;2;CTC - CENTRO DE TECNOLOGIA CANAVIEIRA S.A.;023981;DF Consolidado - Demonstração do Resultado;REAL;MIL;ÚLTIMO;2023-04-01;2024-03-31;3.04.03;Perdas pela Não Recuperabilidade de Ativos;0.0000000000;S
06.981.381/0001-13;2024-03-31;2;CTC - CENTRO DE TECNOLOGIA CANAVIEIRA S.A.;023981;DF Consolidado - Demonstração do Resultado;REAL;MIL;PENÚLTIMO;2022-04-01;2023-03-31;3.04.04;Outras Receitas Operacionais;0.0000000000;S
06.981.381/0001-13;2024-03-31;2;CTC - CENTRO DE TECNOLOGIA CANAVIEIRA S.A.;023981;DF Consolidado - Demonstração do Resultado;REAL;MIL;ÚLTIMO;2023-04-01;2024-03-31;3.04.04;Outras Receitas Operacionais;0.0000000000;S
06.981.381/0001-13;2024-03-31;2;CTC - CENTRO DE TECNOLOGIA CANAVIEIRA S.A.;023981;DF Consolidado - Demonstração do Resultado;REAL;MIL;PENÚLTIMO;2022-04-01;2023-03-31;3.04.05;Outras Despesas Operacionais;-13552.0000000000;S
06.981.381/0001-13;2024-03-31;2;CTC - CENTRO DE TECNOLOGIA CANAVIEIRA S.A.;023981;DF Consolidado - Demonstração do Resultado;REAL;MIL;ÚLTIMO;2023-04-01;2024-03-31;3.04.05;Outras Despesas Operacionais;5776.0000000000;S
06.981.381/0001-13;2024-03-31;2;CTC - CENTRO DE TECNOLOGIA CANAVIEIRA S.A.;023981;DF Consolidado - Demonstração do Resultado;REAL;MIL;PENÚLTIMO;2022-04-01;2023-03-31;3.04.06;Resultado de Equivalência Patrimonial;0.0000000000;S
06.981.381/0001-13;2024-03-31;2;CTC - CENTRO DE TECNOLOGIA CANAVIEIRA S.A.;023981;DF Consolidado - Demonstração do Resultado;REAL;MIL;ÚLTIMO;2023-04-01;2024-03-31;3.04.06;Resultado de Equivalência Patrimonial;0.0000000000;S
06.981.381/0001-13;2024-03-31;2;CTC - CENTRO DE TECNOLOGIA CANAVIEIRA S.A.;023981;DF Consolidado - Demonstração do Resultado;REAL;MIL;PENÚLTIMO;2022-04-01;2023-03-31;3.05;Resultado Antes do Resultado Financeiro e dos Tributos;92637.0000000000;S
06.981.381/0001-13;2024-03-31;2;CTC - CENTRO DE TECNOLOGIA CANAVIEIRA S.A.;023981;DF Consolidado - Demonstração do Resultado;REAL;MIL;ÚLTIMO;2023-04-01;2024-03-31;3.05;Resultado Antes do Resultado Financeiro e dos Tributos;150779.0000000000;S
06.981.381/0001-13;2024-03-31;2;CTC - CENTRO DE TECNOLOGIA CANAVIEIRA S.A.;023981;DF Consolidado - Demonstração do Resultado;REAL;MIL;PENÚLTIMO;2022-04-01;2023-03-31;3.06;Resultado Financeiro;45155.0000000000;S
06.981.381/0001-13;2024-03-31;2;CTC - CENTRO DE TECNOLOGIA CANAVIEIRA S.A.;023981;DF Consolidado - Demonstração do Resultado;REAL;MIL;ÚLTIMO;2023-04-01;2024-03-31;3.06;Resultado Financeiro;49123.0000000000;S
06.981.381/0001-13;2024-03-31;2;CTC - CENTRO DE TECNOLOGIA CANAVIEIRA S.A.;023981;DF Consolidado - Demonstração do Resultado;REAL;MIL;PENÚLTIMO;2022-04-01;2023-03-31;3.06.01;Receitas Financeiras;45805.0000000000;S
06.981.381/0001-13;2024-03-31;2;CTC - CENTRO DE TECNOLOGIA CANAVIEIRA S.A.;023981;DF Consolidado - Demonstração do Resultado;REAL;MIL;ÚLTIMO;2023-04-01;2024-03-31;3.06.01;Receitas Financeiras;53422.0000000000;S
06.981.381/0001-13;2024-03-31;2;CTC - CENTRO DE TECNOLOGIA CANAVIEIRA S.A.;023981;DF Consolidado - Demonstração do Resultado;REAL;MIL;PENÚLTIMO;2022-04-01;2023-03-31;3.06.02;Despesas Financeiras;-650.0000000000;S
06.981.381/0001-13;2024-03-31;2;CTC - CENTRO DE TECNOLOGIA CANAVIEIRA S.A.;023981;DF Consolidado - Demonstração do Resultado;REAL;MIL;ÚLTIMO;2023-04-01;2024-03-31;3.06.02;Despesas Financeiras;-4299.0000000000;S
06.981.381/0001-13;2024-03-31;2;CTC - CENTRO DE TECNOLOGIA CANAVIEIRA S.A.;023981;DF Consolidado - Demonstração do Resultado;REAL;MIL;PENÚLTIMO;2022-04-01;2023-03-31;3.06.02.01;Variação cambial liquida;1736.0000000000;N
06.981.381/0001-13;2024-03-31;2;CTC - CENTRO DE TECNOLOGIA CANAVIEIRA S.A.;023981;DF Consolidado - Demonstração do Resultado;REAL;MIL;ÚLTIMO;2023-04-01;2024-03-31;3.06.02.01;Variação cambial liquida;-47.0000000000;N
06.981.381/0001-13;2024-03-31;2;CTC - CENTRO DE TECNOLOGIA CANAVIEIRA S.A.;023981;DF Consolidado - Demonstração do Resultado;REAL;MIL;PENÚLTIMO;2022-04-01;2023-03-31;3.06.02.02;Despesas financeiras;-2386.0000000000;N
06.981.381/0001-13;2024-03-31;2;CTC - CENTRO DE TECNOLOGIA CANAVIEIRA S.A.;023981;DF Consolidado - Demonstração do Resultado;REAL;MIL;ÚLTIMO;2023-04-01;2024-03-31;3.06.02.02;Despesas financeiras;-4252.0000000000;N
06.981.381/0001-13;2024-03-31;2;CTC - CENTRO DE TECNOLOGIA CANAVIEIRA S.A.;023981;DF Consolidado - Demonstração do Resultado;REAL;MIL;PENÚLTIMO;2022-04-01;2023-03-31;3.07;Resultado Antes dos Tributos sobre o Lucro;137792.0000000000;S
06.981.381/0001-13;2024-03-31;2;CTC - CENTRO DE TECNOLOGIA CANAVIEIRA S.A.;023981;DF Consolidado - Demonstração do Resultado;REAL;MIL;ÚLTIMO;2023-04-01;2024-03-31;3.07;Resultado Antes dos Tributos sobre o Lucro;199902.0000000000;S
06.981.381/0001-13;2024-03-31;2;CTC - CENTRO DE TECNOLOGIA CANAVIEIRA S.A.;023981;DF Consolidado - Demonstração do Resultado;REAL;MIL;PENÚLTIMO;2022-04-01;2023-03-31;3.08;Imposto de Renda e Contribuição Social sobre o Lucro;-46355.0000000000;S
06.981.381/0001-13;2024-03-31;2;CTC - CENTRO DE TECNOLOGIA CANAVIEIRA S.A.;023981;DF Consolidado - Demonstração do Resultado;REAL;MIL;ÚLTIMO;2023-04-01;2024-03-31;3.08;Imposto de Renda e Contribuição Social sobre o Lucro;-47595.0000000000;S
06.981.381/0001-13;2024-03-31;2;CTC - CENTRO DE TECNOLOGIA CANAVIEIRA S.A.;023981;DF Consolidado - Demonstração do Resultado;REAL;MIL;PENÚLTIMO;2022-04-01;2023-03-31;3.08.01;Corrente;-46879.0000000000;S
06.981.381/0001-13;2024-03-31;2;CTC - CENTRO DE TECNOLOGIA CANAVIEIRA S.A.;023981;DF Consolidado - Demonstração do Resultado;REAL;MIL;ÚLTIMO;2023-04-01;2024-03-31;3.08.01;Corrente;-44786.0000000000;S
06.981.381/0001-13;2024-03-31;2;CTC - CENTRO DE TECNOLOGIA CANAVIEIRA S.A.;023981;DF Consolidado - Demonstração do Resultado;REAL;MIL;PENÚLTIMO;2022-04-01;2023-03-31;3.08.02;Diferido;524.0000000000;S
06.981.381/0001-13;2024-03-31;2;CTC - CENTRO DE TECNOLOGIA CANAVIEIRA S.A.;023981;DF Consolidado - Demonstração do Resultado;REAL;MIL;ÚLTIMO;2023-04-01;2024-03-31;3.08.02;Diferido;-2809.0000000000;S
06.981.381/0001-13;2024-03-31;2;CTC - CENTRO DE TECNOLOGIA CANAVIEIRA S.A.;023981;DF Consolidado - Demonstração do Resultado;REAL;MIL;PENÚLTIMO;2022-04-01;2023-03-31;3.09;Resultado Líquido das Operações Continuadas;91437.0000000000;S
06.981.381/0001-13;2024-03-31;2;CTC - CENTRO DE TECNOLOGIA CANAVIEIRA S.A.;023981;DF Consolidado - Demonstração do Resultado;REAL;MIL;ÚLTIMO;2023-04-01;2024-03-31;3.09;Resultado Líquido das Operações Continuadas;152307.0000000000;S
06.981.381/0001-13;2024-03-31;2;CTC - CENTRO DE TECNOLOGIA CANAVIEIRA S.A.;023981;DF Consolidado - Demonstração do Resultado;REAL;MIL;PENÚLTIMO;2022-04-01;2023-03-31;3.10;Resultado Líquido de Operações Descontinuadas;0.0000000000;S
06.981.381/0001-13;2024-03-31;2;CTC - CENTRO DE TECNOLOGIA CANAVIEIRA S.A.;023981;DF Consolidado - Demonstração do Resultado;REAL;MIL;ÚLTIMO;2023-04-01;2024-03-31;3.10;Resultado Líquido de Operações Descontinuadas;0.0000000000;S
06.981.381/0001-13;2024-03-31;2;CTC - CENTRO DE TECNOLOGIA CANAVIEIRA S.A.;023981;DF Consolidado - Demonstração do Resultado;REAL;MIL;PENÚLTIMO;2022-04-01;2023-03-31;3.10.01;Lucro/Prejuízo Líquido das Operações Descontinuadas;0.0000000000;S
06.981.381/0001-13;2024-03-31;2;CTC - CENTRO DE TECNOLOGIA CANAVIEIRA S.A.;023981;DF Consolidado - Demonstração do Resultado;REAL;MIL;ÚLTIMO;2023-04-01;2024-03-31;3.10.01;Lucro/Prejuízo Líquido das Operações Descontinuadas;0.0000000000;S
06.981.381/0001-13;2024-03-31;2;CTC - CENTRO DE TECNOLOGIA CANAVIEIRA S.A.;023981;DF Consolidado - Demonstração do Resultado;REAL;MIL;PENÚLTIMO;2022-04-01;2023-03-31;3.10.02;Ganhos/Perdas Líquidas sobre Ativos de Operações Descontinuadas;0.0000000000;S
06.981.381/0001-13;2024-03-31;2;CTC - CENTRO DE TECNOLOGIA CANAVIEIRA S.A.;023981;DF Consolidado - Demonstração do Resultado;REAL;MIL;ÚLTIMO;2023-04-01;2024-03-31;3.10.02;Ganhos/Perdas Líquidas sobre Ativos de Operações Descontinuadas;0.0000000000;S
06.981.381/0001-13;2024-03-31;2;CTC - CENTRO DE TECNOLOGIA CANAVIEIRA S.A.;023981;DF Consolidado - Demonstração do Resultado;REAL;MIL;PENÚLTIMO;2022-04-01;2023-03-31;3.11;Lucro/Prejuízo Consolidado do Período;91437.0000000000;S
06.981.381/0001-13;2024-03-31;2;CTC - CENTRO DE TECNOLOGIA CANAVIEIRA S.A.;023981;DF Consolidado - Demonstração do Resultado;REAL;MIL;ÚLTIMO;2023-04-01;2024-03-31;3.11;Lucro/Prejuízo Consolidado do Período;152307.0000000000;S
06.981.381/0001-13;2024-03-31;2;CTC - CENTRO DE TECNOLOGIA CANAVIEIRA S.A.;023981;DF Consolidado - Demonstração do Resultado;REAL;MIL;PENÚLTIMO;2022-04-01;2023-03-31;3.11.01;Atribuído a Sócios da Empresa Controladora;91437.0000000000;S
06.981.381/0001-13;2024-03-31;2;CTC - CENTRO DE TECNOLOGIA CANAVIEIRA S.A.;023981;DF Consolidado - Demonstração do Resultado;REAL;MIL;ÚLTIMO;2023-04-01;2024-03-31;3.11.01;Atribuído a Sócios da Empresa Controladora;152307.0000000000;S
06.981.381/0001-13;2024-03-31;2;CTC - CENTRO DE TECNOLOGIA CANAVIEIRA S.A.;023981;DF Consolidado - Demonstração do Resultado;REAL;MIL;PENÚLTIMO;2022-04-01;2023-03-31;3.11.02;Atribuído a Sócios Não Controladores;0.0000000000;S
06.981.381/0001-13;2024-03-31;2;CTC - CENTRO DE TECNOLOGIA CANAVIEIRA S.A.;023981;DF Consolidado - Demonstração do Resultado;REAL;MIL;ÚLTIMO;2023-04-01;2024-03-31;3.11.02;Atribuído a Sócios Não Controladores;0.0000000000;S
06.981.381/0001-13;2024-03-31;2;CTC - CENTRO DE TECNOLOGIA CANAVIEIRA S.A.;023981;DF Consolidado - Demonstração do Resultado;REAL;MIL;PENÚLTIMO;2022-04-01;2023-03-31;3.99;Lucro por Ação - (Reais / Ação);0.0000000000;N
06.981.381/0001-13;2024-03-31;2;CTC - CENTRO DE TECNOLOGIA CANAVIEIRA S.A.;023981;DF Consolidado - Demonstração do Resultado;REAL;MIL;ÚLTIMO;2023-04-01;2024-03-31;3.99;Lucro por Ação - (Reais / Ação);0.0000000000;N
06.981.381/0001-13;2024-03-31;2;CTC - CENTRO DE TECNOLOGIA CANAVIEIRA S.A.;023981;DF Consolidado - Demonstração do Resultado;REAL;MIL;PENÚLTIMO;2022-04-01;2023-03-31;3.99.01;Lucro Básico por Ação;0.0000000000;N
06.981.381/0001-13;2024-03-31;2;CTC - CENTRO DE TECNOLOGIA CANAVIEIRA S.A.;023981;DF Consolidado - Demonstração do Resultado;REAL;MIL;ÚLTIMO;2023-04-01;2024-03-31;3.99.01;Lucro Básico por Ação;0.0000000000;N
06.981.381/0001-13;2024-03-31;2;CTC - CENTRO DE TECNOLOGIA CANAVIEIRA S.A.;023981;DF Consolidado - Demonstração do Resultado;REAL;MIL;PENÚLTIMO;2022-04-01;2023-03-31;3.99.01.01;ON;0.2851000000;N
06.981.381/0001-13;2024-03-31;2;CTC - CENTRO DE TECNOLOGIA CANAVIEIRA S.A.;023981;DF Consolidado - Demonstração do Resultado;REAL;MIL;ÚLTIMO;2023-04-01;2024-03-31;3.99.01.01;ON;0.4748000000;N
06.981.381/0001-13;2024-03-31;2;CTC - CENTRO DE TECNOLOGIA CANAVIEIRA S.A.;023981;DF Consolidado - Demonstração do Resultado;REAL;MIL;PENÚLTIMO;2022-04-01;2023-03-31;3.99.02;Lucro Diluído por Ação;0.0000000000;N
06.981.381/0001-13;2024-03-31;2;CTC - CENTRO DE TECNOLOGIA CANAVIEIRA S.A.;023981;DF Consolidado - Demonstração do Resultado;REAL;MIL;ÚLTIMO;2023-04-01;2024-03-31;3.99.02;Lucro Diluído por Ação;0.0000000000;N
08.070.508/0001-78;2024-03-31;1;RAIZEN ENERGIA S.A.;023230;DF Consolidado - Demonstração do Resultado;REAL;MIL;PENÚLTIMO;2022-04-01;2023-03-31;3.01;Receita de Venda de Bens e/ou Serviços;78449827.0000000000;S
08.070.508/0001-78;2024-03-31;1;RAIZEN ENERGIA S.A.;023230;DF Consolidado - Demonstração do Resultado;REAL;MIL;ÚLTIMO;2023-04-01;2024-03-31;3.01;Receita de Venda de Bens e/ou Serviços;66908527.0000000000;S
08.070.508/0001-78;2024-03-31;1;RAIZEN ENERGIA S.A.;023230;DF Consolidado - Demonstração do Resultado;REAL;MIL;PENÚLTIMO;2022-04-01;2023-03-31;3.02;Custo dos Bens e/ou Serviços Vendidos;-73736957.0000000000;S
08.070.508/0001-78;2024-03-31;1;RAIZEN ENERGIA S.A.;023230;DF Consolidado - Demonstração do Resultado;REAL;MIL;ÚLTIMO;2023-04-01;2024-03-31;3.02;Custo dos Bens e/ou Serviços Vendidos;-60894188.0000000000;S
08.070.508/0001-78;2024-03-31;1;RAIZEN ENERGIA S.A.;023230;DF Consolidado - Demonstração do Resultado;REAL;MIL;PENÚLTIMO;2022-04-01;2023-03-31;3.03;Resultado Bruto;4712870.0000000000;S
08.070.508/0001-78;2024-03-31;1;RAIZEN ENERGIA S.A.;023230;DF Consolidado - Demonstração do Resultado;REAL;MIL;ÚLTIMO;2023-04-01;2024-03-31;3.03;Resultado Bruto;6014339.0000000000;S
08.070.508/0001-78;2024-03-31;1;RAIZEN ENERGIA S.A.;023230;DF Consolidado - Demonstração do Resultado;REAL;MIL;PENÚLTIMO;2022-04-01;2023-03-31;3.04;Despesas/Receitas Operacionais;-2357230.0000000000;S
08.070.508/0001-78;2024-03-31;1;RAIZEN ENERGIA S.A.;023230;DF Consolidado - Demonstração do Resultado;REAL;MIL;ÚLTIMO;2023-04-01;2024-03-31;3.04;Despesas/Receitas Operacionais;-4080937.0000000000;S
08.070.508/0001-78;2024-03-31;1;RAIZEN ENERGIA S.A.;023230;DF Consolidado - Demonstração do Resultado;REAL;MIL;PENÚLTIMO;2022-04-01;2023-03-31;3.04.01;Despesas com Vendas;-1214122.0000000000;S
08.070.508/0001-78;2024-03-31;1;RAIZEN ENERGIA S.A.;023230;DF Consolidado - Demonstração do Resultado;REAL;MIL;ÚLTIMO;2023-04-01;2024-03-31;3.04.01;Despesas com Vendas;-2376100.0000000000;S
08.070.508/0001-78;2024-03-31;1;RAIZEN ENERGIA S.A.;023230;DF Consolidado - Demonstração do Resultado;REAL;MIL;PENÚLTIMO;2022-04-01;2023-03-31;3.04.02;Despesas Gerais e Administrativas;-1272564.0000000000;S
08.070.508/0001-78;2024-03-31;1;RAIZEN ENERGIA S.A.;023230;DF Consolidado - Demonstração do Resultado;REAL;MIL;ÚLTIMO;2023-04-01;2024-03-31;3.04.02;Despesas Gerais e Administrativas;-1714984.0000000000;S
08.070.508/0001-78;2024-03-31;1;RAIZEN ENERGIA S.A.;023230;DF Consolidado - Demonstração do Resultado;REAL;MIL;PENÚLTIMO;2022-04-01;2023-03-31;3.04.03;Perdas pela Não Recuperabilidade de Ativos;0.0000000000;S
08.070.508/0001-78;2024-03-31;1;RAIZEN ENERGIA S.A.;023230;DF Consolidado - Demonstração do Resultado;REAL;MIL;ÚLTIMO;2023-04-01;2024-03-31;3.04.03;Perdas pela Não Recuperabilidade de Ativos;0.0000000000;S
08.070.508/0001-78;2024-03-31;1;RAIZEN ENERGIA S.A.;023230;DF Consolidado - Demonstração do Resultado;REAL;MIL;PENÚLTIMO;2022-04-01;2023-03-31;3.04.04;Outras Receitas Operacionais;185569.0000000000;S
08.070.508/0001-78;2024-03-31;1;RAIZEN ENERGIA S.A.;023230;DF Consolidado - Demonstração do Resultado;REAL;MIL;ÚLTIMO;2023-04-01;2024-03-31;3.04.04;Outras Receitas Operacionais;33201.0000000000;S
08.070.508/0001-78;2024-03-31;1;RAIZEN ENERGIA S.A.;023230;DF Consolidado - Demonstração do Resultado;REAL;MIL;PENÚLTIMO;2022-04-01;2023-03-31;3.04.05;Outras Despesas Operacionais;0.0000000000;S
08.070.508/0001-78;2024-03-31;1;RAIZEN ENERGIA S.A.;023230;DF Consolidado - Demonstração do Resultado;REAL;MIL;ÚLTIMO;2023-04-01;2024-03-31;3.04.05;Outras Despesas Operacionais;0.0000000000;S
08.070.508/0001-78;2024-03-31;1;RAIZEN ENERGIA S.A.;023230;DF Consolidado - Demonstração do Resultado;REAL;MIL;PENÚLTIMO;2022-04-01;2023-03-31;3.04.06;Resultado de Equivalência Patrimonial;-56113.0000000000;S
08.070.508/0001-78;2024-03-31;1;RAIZEN ENERGIA S.A.;023230;DF Consolidado - Demonstração do Resultado;REAL;MIL;ÚLTIMO;2023-04-01;2024-03-31;3.04.06;Resultado de Equivalência Patrimonial;-23054.0000000000;S
08.070.508/0001-78;2024-03-31;1;RAIZEN ENERGIA S.A.;023230;DF Consolidado - Demonstração do Resultado;REAL;MIL;PENÚLTIMO;2022-04-01;2023-03-31;3.05;Resultado Antes do Resultado Financeiro e dos Tributos;2355640.0000000000;S
08.070.508/0001-78;2024-03-31;1;RAIZEN ENERGIA S.A.;023230;DF Consolidado - Demonstração do Resultado;REAL;MIL;ÚLTIMO;2023-04-01;2024-03-31;3.05;Resultado Antes do Resultado Financeiro e dos Tributos;1933402.0000000000;S
08.070.508/0001-78;2024-03-31;1;RAIZEN ENERGIA S.A.;023230;DF Consolidado - Demonstração do Resultado;REAL;MIL;PENÚLTIMO;2022-04-01;2023-03-31;3.06;Resultado Financeiro;-1635570.0000000000;S
08.070.508/0001-78;2024-03-31;1;RAIZEN ENERGIA S.A.;023230;DF Consolidado - Demonstração do Resultado;REAL;MIL;ÚLTIMO;2023-04-01;2024-03-31;3.06;Resultado Financeiro;-2923971.0000000000;S
08.070.508/0001-78;2024-03-31;1;RAIZEN ENERGIA S.A.;023230;DF Consolidado - Demonstração do Resultado;REAL;MIL;PENÚLTIMO;2022-04-01;2023-03-31;3.06.01;Receitas Financeiras;1701581.0000000000;S
08.070.508/0001-78;2024-03-31;1;RAIZEN ENERGIA S.A.;023230;DF Consolidado - Demonstração do Resultado;REAL;MIL;ÚLTIMO;2023-04-01;2024-03-31;3.06.01;Receitas Financeiras;2076181.0000000000;S
08.070.508/0001-78;2024-03-31;1;RAIZEN ENERGIA S.A.;023230;DF Consolidado - Demonstração do Resultado;REAL;MIL;PENÚLTIMO;2022-04-01;2023-03-31;3.06.01.01;Receitas financeiras;1701581.0000000000;N
08.070.508/0001-78;2024-03-31;1;RAIZEN ENERGIA S.A.;023230;DF Consolidado - Demonstração do Resultado;REAL;MIL;ÚLTIMO;2023-04-01;2024-03-31;3.06.01.01;Receitas financeiras;1960489.0000000000;N
08.070.508/0001-78;2024-03-31;1;RAIZEN ENERGIA S.A.;023230;DF Consolidado - Demonstração do Resultado;REAL;MIL;PENÚLTIMO;2022-04-01;2023-03-31;3.06.01.02;Efeito líquido dos derivativos;0.0000000000;N
08.070.508/0001-78;2024-03-31;1;RAIZEN ENERGIA S.A.;023230;DF Consolidado - Demonstração do Resultado;REAL;MIL;ÚLTIMO;2023-04-01;2024-03-31;3.06.01.02;Efeito líquido dos derivativos;0.0000000000;N
08.070.508/0001-78;2024-03-31;1;RAIZEN ENERGIA S.A.;023230;DF Consolidado - Demonstração do Resultado;REAL;MIL;PENÚLTIMO;2022-04-01;2023-03-31;3.06.01.03;Variações cambiais, líquidas;0.0000000000;N
08.070.508/0001-78;2024-03-31;1;RAIZEN ENERGIA S.A.;023230;DF Consolidado - Demonstração do Resultado;REAL;MIL;ÚLTIMO;2023-04-01;2024-03-31;3.06.01.03;Variações cambiais, líquidas;115692.0000000000;N
08.070.508/0001-78;2024-03-31;1;RAIZEN ENERGIA S.A.;023230;DF Consolidado - Demonstração do Resultado;REAL;MIL;PENÚLTIMO;2022-04-01;2023-03-31;3.06.02;Despesas Financeiras;-3337151.0000000000;S
08.070.508/0001-78;2024-03-31;1;RAIZEN ENERGIA S.A.;023230;DF Consolidado - Demonstração do Resultado;REAL;MIL;ÚLTIMO;2023-04-01;2024-03-31;3.06.02;Despesas Financeiras;-5000152.0000000000;S
08.070.508/0001-78;2024-03-31;1;RAIZEN ENERGIA S.A.;023230;DF Consolidado - Demonstração do Resultado;REAL;MIL;PENÚLTIMO;2022-04-01;2023-03-31;3.06.02.01;Despesas financeiras;-2628169.0000000000;N
08.070.508/0001-78;2024-03-31;1;RAIZEN ENERGIA S.A.;023230;DF Consolidado - Demonstração do Resultado;REAL;MIL;ÚLTIMO;2023-04-01;2024-03-31;3.06.02.01;Despesas financeiras;-4134650.0000000000;N
08.070.508/0001-78;2024-03-31;1;RAIZEN ENERGIA S.A.;023230;DF Consolidado - Demonstração do Resultado;REAL;MIL;PENÚLTIMO;2022-04-01;2023-03-31;3.06.02.02;Variações cambiais, líquidas;-82781.0000000000;N
08.070.508/0001-78;2024-03-31;1;RAIZEN ENERGIA S.A.;023230;DF Consolidado - Demonstração do Resultado;REAL;MIL;ÚLTIMO;2023-04-01;2024-03-31;3.06.02.02;Variações cambiais, líquidas;0.0000000000;N
08.070.508/0001-78;2024-03-31;1;RAIZEN ENERGIA S.A.;023230;DF Consolidado - Demonstração do Resultado;REAL;MIL;PENÚLTIMO;2022-04-01;2023-03-31;3.06.02.03;Efeito líquido dos derivativos;-626201.0000000000;N
08.070.508/0001-78;2024-03-31;1;RAIZEN ENERGIA S.A.;023230;DF Consolidado - Demonstração do Resultado;REAL;MIL;ÚLTIMO;2023-04-01;2024-03-31;3.06.02.03;Efeito líquido dos derivativos;-865502.0000000000;N
08.070.508/0001-78;2024-03-31;1;RAIZEN ENERGIA S.A.;023230;DF Consolidado - Demonstração do Resultado;REAL;MIL;PENÚLTIMO;2022-04-01;2023-03-31;3.07;Resultado Antes dos Tributos sobre o Lucro;720070.0000000000;S
08.070.508/0001-78;2024-03-31;1;RAIZEN ENERGIA S.A.;023230;DF Consolidado - Demonstração do Resultado;REAL;MIL;ÚLTIMO;2023-04-01;2024-03-31;3.07;Resultado Antes dos Tributos sobre o Lucro;-990569.0000000000;S
08.070.508/0001-78;2024-03-31;1;RAIZEN ENERGIA S.A.;023230;DF Consolidado - Demonstração do Resultado;REAL;MIL;PENÚLTIMO;2022-04-01;2023-03-31;3.08;Imposto de Renda e Contribuição Social sobre o Lucro;-75275.0000000000;S
08.070.508/0001-78;2024-03-31;1;RAIZEN ENERGIA S.A.;023230;DF Consolidado - Demonstração do Resultado;REAL;MIL;ÚLTIMO;2023-04-01;2024-03-31;3.08;Imposto de Renda e Contribuição Social sobre o Lucro;-322745.0000000000;S
08.070.508/0001-78;2024-03-31;1;RAIZEN ENERGIA S.A.;023230;DF Consolidado - Demonstração do Resultado;REAL;MIL;PENÚLTIMO;2022-04-01;2023-03-31;3.08.01;Corrente;-337361.0000000000;S
08.070.508/0001-78;2024-03-31;1;RAIZEN ENERGIA S.A.;023230;DF Consolidado - Demonstração do Resultado;REAL;MIL;ÚLTIMO;2023-04-01;2024-03-31;3.08.01;Corrente;-402514.0000000000;S
08.070.508/0001-78;2024-03-31;1;RAIZEN ENERGIA S.A.;023230;DF Consolidado - Demonstração do Resultado;REAL;MIL;PENÚLTIMO;2022-04-01;2023-03-31;3.08.02;Diferido;262086.0000000000;S
08.070.508/0001-78;2024-03-31;1;RAIZEN ENERGIA S.A.;023230;DF Consolidado - Demonstração do Resultado;REAL;MIL;ÚLTIMO;2023-04-01;2024-03-31;3.08.02;Diferido;79769.0000000000;S
08.070.508/0001-78;2024-03-31;1;RAIZEN ENERGIA S.A.;023230;DF Consolidado - Demonstração do Resultado;REAL;MIL;PENÚLTIMO;2022-04-01;2023-03-31;3.09;Resultado Líquido das Operações Continuadas;644795.0000000000;S
08.070.508/0001-78;2024-03-31;1;RAIZEN ENERGIA S.A.;023230;DF Consolidado - Demonstração do Resultado;REAL;MIL;ÚLTIMO;2023-04-01;2024-03-31;3.09;Resultado Líquido das Operações Continuadas;-1313314.0000000000;S
08.070.508/0001-78;2024-03-31;1;RAIZEN ENERGIA S.A.;023230;DF Consolidado - Demonstração do Resultado;REAL;MIL;PENÚLTIMO;2022-04-01;2023-03-31;3.10;Resultado Líquido de Operações Descontinuadas;0.0000000000;S
08.070.508/0001-78;2024-03-31;1;RAIZEN ENERGIA S.A.;023230;DF Consolidado - Demonstração do Resultado;REAL;MIL;ÚLTIMO;2023-04-01;2024-03-31;3.10;Resultado Líquido de Operações Descontinuadas;0.0000000000;S
08.070.508/0001-78;2024-03-31;1;RAIZEN ENERGIA S.A.;023230;DF Consolidado - Demonstração do Resultado;REAL;MIL;PENÚLTIMO;2022-04-01;2023-03-31;3.10.01;Lucro/Prejuízo Líquido das Operações Descontinuadas;0.0000000000;S
08.070.508/0001-78;2024-03-31;1;RAIZEN ENERGIA S.A.;023230;DF Consolidado - Demonstração do Resultado;REAL;MIL;ÚLTIMO;2023-04-01;2024-03-31;3.10.01;Lucro/Prejuízo Líquido das Operações Descontinuadas;0.0000000000;S
08.070.508/0001-78;2024-03-31;1;RAIZEN ENERGIA S.A.;023230;DF Consolidado - Demonstração do Resultado;REAL;MIL;PENÚLTIMO;2022-04-01;2023-03-31;3.10.02;Ganhos/Perdas Líquidas sobre Ativos de Operações Descontinuadas;0.0000000000;S
08.070.508/0001-78;2024-03-31;1;RAIZEN ENERGIA S.A.;023230;DF Consolidado - Demonstração do Resultado;REAL;MIL;ÚLTIMO;2023-04-01;2024-03-31;3.10.02;Ganhos/Perdas Líquidas sobre Ativos de Operações Descontinuadas;0.0000000000;S
08.070.508/0001-78;2024-03-31;1;RAIZEN ENERGIA S.A.;023230;DF Consolidado - Demonstração do Resultado;REAL;MIL;PENÚLTIMO;2022-04-01;2023-03-31;3.11;Lucro/Prejuízo Consolidado do Período;644795.0000000000;S
08.070.508/0001-78;2024-03-31;1;RAIZEN ENERGIA S.A.;023230;DF Consolidado - Demonstração do Resultado;REAL;MIL;ÚLTIMO;2023-04-01;2024-03-31;3.11;Lucro/Prejuízo Consolidado do Período;-1313314.0000000000;S
08.070.508/0001-78;2024-03-31;1;RAIZEN ENERGIA S.A.;023230;DF Consolidado - Demonstração do Resultado;REAL;MIL;PENÚLTIMO;2022-04-01;2023-03-31;3.11.01;Atribuído a Sócios da Empresa Controladora;669327.0000000000;S
08.070.508/0001-78;2024-03-31;1;RAIZEN ENERGIA S.A.;023230;DF Consolidado - Demonstração do Resultado;REAL;MIL;ÚLTIMO;2023-04-01;2024-03-31;3.11.01;Atribuído a Sócios da Empresa Controladora;-1272688.0000000000;S
08.070.508/0001-78;2024-03-31;1;RAIZEN ENERGIA S.A.;023230;DF Consolidado - Demonstração do Resultado;REAL;MIL;PENÚLTIMO;2022-04-01;2023-03-31;3.11.02;Atribuído a Sócios Não Controladores;-24532.0000000000;S
08.070.508/0001-78;2024-03-31;1;RAIZEN ENERGIA S.A.;023230;DF Consolidado - Demonstração do Resultado;REAL;MIL;ÚLTIMO;2023-04-01;2024-03-31;3.11.02;Atribuído a Sócios Não Controladores;-40626.0000000000;S
08.070.508/0001-78;2024-03-31;1;RAIZEN ENERGIA S.A.;023230;DF Consolidado - Demonstração do Resultado;REAL;MIL;PENÚLTIMO;2022-04-01;2023-03-31;3.99;Lucro por Ação - (Reais / Ação);0.0000000000;N
08.070.508/0001-78;2024-03-31;1;RAIZEN ENERGIA S.A.;023230;DF Consolidado - Demonstração do Resultado;REAL;MIL;ÚLTIMO;2023-04-01;2024-03-31;3.99;Lucro por Ação - (Reais / Ação);0.0000000000;N
08.070.508/0001-78;2024-03-31;1;RAIZEN ENERGIA S.A.;023230;DF Consolidado - Demonstração do Resultado;REAL;MIL;PENÚLTIMO;2022-04-01;2023-03-31;3.99.01;Lucro Básico por Ação;0.0000000000;N
08.070.508/0001-78;2024-03-31;1;RAIZEN ENERGIA S.A.;023230;DF Consolidado - Demonstração do Resultado;REAL;MIL;ÚLTIMO;2023-04-01;2024-03-31;3.99.01;Lucro Básico por Ação;0.0000000000;N
08.070.508/0001-78;2024-03-31;1;RAIZEN ENERGIA S.A.;023230;DF Consolidado - Demonstração do Resultado;REAL;MIL;PENÚLTIMO;2022-04-01;2023-03-31;3.99.01.01;ON;0.0400000000;N
08.070.508/0001-78;2024-03-31;1;RAIZEN ENERGIA S.A.;023230;DF Consolidado - Demonstração do Resultado;REAL;MIL;ÚLTIMO;2023-04-01;2024-03-31;3.99.01.01;ON;-0.0620000000;N
08.070.508/0001-78;2024-03-31;1;RAIZEN ENERGIA S.A.;023230;DF Consolidado - Demonstração do Resultado;REAL;MIL;PENÚLTIMO;2022-04-01;2023-03-31;3.99.02;Lucro Diluído por Ação;0.0000000000;N
08.070.508/0001-78;2024-03-31;1;RAIZEN ENERGIA S.A.;023230;DF Consolidado - Demonstração do Resultado;REAL;MIL;ÚLTIMO;2023-04-01;2024-03-31;3.99.02;Lucro Diluído por Ação;0.0000000000;N
08.070.508/0001-78;2024-03-31;1;RAIZEN ENERGIA S.A.;023230;DF Consolidado - Demonstração do Resultado;REAL;MIL;PENÚLTIMO;2022-04-01;2023-03-31;3.99.02.01;ON;0.0400000000;N
08.070.508/0001-78;2024-03-31;1;RAIZEN ENERGIA S.A.;023230;DF Consolidado - Demonstração do Resultado;REAL;MIL;ÚLTIMO;2023-04-01;2024-03-31;3.99.02.01;ON;-0.0620000000;N
08.322.396/0001-03;2024-03-31;1;CERRADINHO BIOENERGIA S.A.;026522;DF Consolidado - Demonstração do Resultado;REAL;MIL;PENÚLTIMO;2022-04-01;2023-03-31;3.01;Receita de Venda de Bens e/ou Serviços;2476559.0000000000;S
08.322.396/0001-03;2024-03-31;1;CERRADINHO BIOENERGIA S.A.;026522;DF Consolidado - Demonstração do Resultado;REAL;MIL;ÚLTIMO;2023-04-01;2024-03-31;3.01;Receita de Venda de Bens e/ou Serviços;2574423.0000000000;S
08.322.396/0001-03;2024-03-31;1;CERRADINHO BIOENERGIA S.A.;026522;DF Consolidado - Demonstração do Resultado;REAL;MIL;PENÚLTIMO;2022-04-01;2023-03-31;3.02;Custo dos Bens e/ou Serviços Vendidos;-1849467.0000000000;S
08.322.396/0001-03;2024-03-31;1;CERRADINHO BIOENERGIA S.A.;026522;DF Consolidado - Demonstração do Resultado;REAL;MIL;ÚLTIMO;2023-04-01;2024-03-31;3.02;Custo dos Bens e/ou Serviços Vendidos;-2234724.0000000000;S
08.322.396/0001-03;2024-03-31;1;CERRADINHO BIOENERGIA S.A.;026522;DF Consolidado - Demonstração do Resultado;REAL;MIL;PENÚLTIMO;2022-04-01;2023-03-31;3.02.01;Custo dos Bens e/ou Serviços Vendidos;-1768067.0000000000;N
08.322.396/0001-03;2024-03-31;1;CERRADINHO BIOENERGIA S.A.;026522;DF Consolidado - Demonstração do Resultado;REAL;MIL;ÚLTIMO;2023-04-01;2024-03-31;3.02.01;Custo dos Bens e/ou Serviços Vendidos;-2221565.0000000000;N
08.322.396/0001-03;2024-03-31;1;CERRADINHO BIOENERGIA S.A.;026522;DF Consolidado - Demonstração do Resultado;REAL;MIL;PENÚLTIMO;2022-04-01;2023-03-31;3.02.02;Variação no valor justo de ativo biológico;-81400.0000000000;N
08.322.396/0001-03;2024-03-31;1;CERRADINHO BIOENERGIA S.A.;026522;DF Consolidado - Demonstração do Resultado;REAL;MIL;ÚLTIMO;2023-04-01;2024-03-31;3.02.02;Variação no valor justo de ativo biológico;-13159.0000000000;N
08.322.396/0001-03;2024-03-31;1;CERRADINHO BIOENERGIA S.A.;026522;DF Consolidado - Demonstração do Resultado;REAL;MIL;PENÚLTIMO;2022-04-01;2023-03-31;3.03;Resultado Bruto;627092.0000000000;S
08.322.396/0001-03;2024-03-31;1;CERRADINHO BIOENERGIA S.A.;026522;DF Consolidado - Demonstração do Resultado;REAL;MIL;ÚLTIMO;2023-04-01;2024-03-31;3.03;Resultado Bruto;339699.0000000000;S
08.322.396/0001-03;2024-03-31;1;CERRADINHO BIOENERGIA S.A.;026522;DF Consolidado - Demonstração do Resultado;REAL;MIL;PENÚLTIMO;2022-04-01;2023-03-31;3.04;Despesas/Receitas Operacionais;-192670.0000000000;S
08.322.396/0001-03;2024-03-31;1;CERRADINHO BIOENERGIA S.A.;026522;DF Consolidado - Demonstração do Resultado;REAL;MIL;ÚLTIMO;2023-04-01;2024-03-31;3.04;Despesas/Receitas Operacionais;-130976.0000000000;S
08.322.396/0001-03;2024-03-31;1;CERRADINHO BIOENERGIA S.A.;026522;DF Consolidado - Demonstração do Resultado;REAL;MIL;PENÚLTIMO;2022-04-01;2023-03-31;3.04.01;Despesas com Vendas;-125024.0000000000;S
08.322.396/0001-03;2024-03-31;1;CERRADINHO BIOENERGIA S.A.;026522;DF Consolidado - Demonstração do Resultado;REAL;MIL;ÚLTIMO;2023-04-01;2024-03-31;3.04.01;Despesas com Vendas;-158181.0000000000;S
08.322.396/0001-03;2024-03-31;1;CERRADINHO BIOENERGIA S.A.;026522;DF Consolidado - Demonstração do Resultado;REAL;MIL;PENÚLTIMO;2022-04-01;2023-03-31;3.04.02;Despesas Gerais e Administrativas;-64288.0000000000;S
08.322.396/0001-03;2024-03-31;1;CERRADINHO BIOENERGIA S.A.;026522;DF Consolidado - Demonstração do Resultado;REAL;MIL;ÚLTIMO;2023-04-01;2024-03-31;3.04.02;Despesas Gerais e Administrativas;-67229.0000000000;S
08.322.396/0001-03;2024-03-31;1;CERRADINHO BIOENERGIA S.A.;026522;DF Consolidado - Demonstração do Resultado;REAL;MIL;PENÚLTIMO;2022-04-01;2023-03-31;3.04.03;Perdas pela Não Recuperabilidade de Ativos;0.0000000000;S
08.322.396/0001-03;2024-03-31;1;CERRADINHO BIOENERGIA S.A.;026522;DF Consolidado - Demonstração do Resultado;REAL;MIL;ÚLTIMO;2023-04-01;2024-03-31;3.04.03;Perdas pela Não Recuperabilidade de Ativos;0.0000000000;S
08.322.396/0001-03;2024-03-31;1;CERRADINHO BIOENERGIA S.A.;026522;DF Consolidado - Demonstração do Resultado;REAL;MIL;PENÚLTIMO;2022-04-01;2023-03-31;3.04.04;Outras Receitas Operacionais;5707.0000000000;S
08.322.396/0001-03;2024-03-31;1;CERRADINHO BIOENERGIA S.A.;026522;DF Consolidado - Demonstração do Resultado;REAL;MIL;ÚLTIMO;2023-04-01;2024-03-31;3.04.04;Outras Receitas Operacionais;104840.0000000000;S
08.322.396/0001-03;2024-03-31;1;CERRADINHO BIOENERGIA S.A.;026522;DF Consolidado - Demonstração do Resultado;REAL;MIL;PENÚLTIMO;2022-04-01;2023-03-31;3.04.05;Outras Despesas Operacionais;-9065.0000000000;S
08.322.396/0001-03;2024-03-31;1;CERRADINHO BIOENERGIA S.A.;026522;DF Consolidado - Demonstração do Resultado;REAL;MIL;ÚLTIMO;2023-04-01;2024-03-31;3.04.05;Outras Despesas Operacionais;-10406.0000000000;S
08.322.396/0001-03;2024-03-31;1;CERRADINHO BIOENERGIA S.A.;026522;DF Consolidado - Demonstração do Resultado;REAL;MIL;PENÚLTIMO;2022-04-01;2023-03-31;3.04.06;Resultado de Equivalência Patrimonial;0.0000000000;S
08.322.396/0001-03;2024-03-31;1;CERRADINHO BIOENERGIA S.A.;026522;DF Consolidado - Demonstração do Resultado;REAL;MIL;ÚLTIMO;2023-04-01;2024-03-31;3.04.06;Resultado de Equivalência Patrimonial;0.0000000000;S
08.322.396/0001-03;2024-03-31;1;CERRADINHO BIOENERGIA S.A.;026522;DF Consolidado - Demonstração do Resultado;REAL;MIL;PENÚLTIMO;2022-04-01;2023-03-31;3.05;Resultado Antes do Resultado Financeiro e dos Tributos;434422.0000000000;S
08.322.396/0001-03;2024-03-31;1;CERRADINHO BIOENERGIA S.A.;026522;DF Consolidado - Demonstração do Resultado;REAL;MIL;ÚLTIMO;2023-04-01;2024-03-31;3.05;Resultado Antes do Resultado Financeiro e dos Tributos;208723.0000000000;S
08.322.396/0001-03;2024-03-31;1;CERRADINHO BIOENERGIA S.A.;026522;DF Consolidado - Demonstração do Resultado;REAL;MIL;PENÚLTIMO;2022-04-01;2023-03-31;3.06;Resultado Financeiro;-210790.0000000000;S
08.322.396/0001-03;2024-03-31;1;CERRADINHO BIOENERGIA S.A.;026522;DF Consolidado - Demonstração do Resultado;REAL;MIL;ÚLTIMO;2023-04-01;2024-03-31;3.06;Resultado Financeiro;-323890.0000000000;S
08.322.396/0001-03;2024-03-31;1;CERRADINHO BIOENERGIA S.A.;026522;DF Consolidado - Demonstração do Resultado;REAL;MIL;PENÚLTIMO;2022-04-01;2023-03-31;3.06.01;Receitas Financeiras;301142.0000000000;S
08.322.396/0001-03;2024-03-31;1;CERRADINHO BIOENERGIA S.A.;026522;DF Consolidado - Demonstração do Resultado;REAL;MIL;ÚLTIMO;2023-04-01;2024-03-31;3.06.01;Receitas Financeiras;375340.0000000000;S
08.322.396/0001-03;2024-03-31;1;CERRADINHO BIOENERGIA S.A.;026522;DF Consolidado - Demonstração do Resultado;REAL;MIL;PENÚLTIMO;2022-04-01;2023-03-31;3.06.02;Despesas Financeiras;-511932.0000000000;S
08.322.396/0001-03;2024-03-31;1;CERRADINHO BIOENERGIA S.A.;026522;DF Consolidado - Demonstração do Resultado;REAL;MIL;ÚLTIMO;2023-04-01;2024-03-31;3.06.02;Despesas Financeiras;-699230.0000000000;S
08.322.396/0001-03;2024-03-31;1;CERRADINHO BIOENERGIA S.A.;026522;DF Consolidado - Demonstração do Resultado;REAL;MIL;PENÚLTIMO;2022-04-01;2023-03-31;3.07;Resultado Antes dos Tributos sobre o Lucro;223632.0000000000;S
08.322.396/0001-03;2024-03-31;1;CERRADINHO BIOENERGIA S.A.;026522;DF Consolidado - Demonstração do Resultado;REAL;MIL;ÚLTIMO;2023-04-01;2024-03-31;3.07;Resultado Antes dos Tributos sobre o Lucro;-115167.0000000000;S
08.322.396/0001-03;2024-03-31;1;CERRADINHO BIOENERGIA S.A.;026522;DF Consolidado - Demonstração do Resultado;REAL;MIL;PENÚLTIMO;2022-04-01;2023-03-31;3.08;Imposto de Renda e Contribuição Social sobre o Lucro;19171.0000000000;S
08.322.396/0001-03;2024-03-31;1;CERRADINHO BIOENERGIA S.A.;026522;DF Consolidado - Demonstração do Resultado;REAL;MIL;ÚLTIMO;2023-04-01;2024-03-31;3.08;Imposto de Renda e Contribuição Social sobre o Lucro;155462.0000000000;S
08.322.396/0001-03;2024-03-31;1;CERRADINHO BIOENERGIA S.A.;026522;DF Consolidado - Demonstração do Resultado;REAL;MIL;PENÚLTIMO;2022-04-01;2023-03-31;3.08.01;Corrente;-49887.0000000000;S
08.322.396/0001-03;2024-03-31;1;CERRADINHO BIOENERGIA S.A.;026522;DF Consolidado - Demonstração do Resultado;REAL;MIL;ÚLTIMO;2023-04-01;2024-03-31;3.08.01;Corrente;0.0000000000;S
08.322.396/0001-03;2024-03-31;1;CERRADINHO BIOENERGIA S.A.;026522;DF Consolidado - Demonstração do Resultado;REAL;MIL;PENÚLTIMO;2022-04-01;2023-03-31;3.08.02;Diferido;69058.0000000000;S
08.322.396/0001-03;2024-03-31;1;CERRADINHO BIOENERGIA S.A.;026522;DF Consolidado - Demonstração do Resultado;REAL;MIL;ÚLTIMO;2023-04-01;2024-03-31;3.08.02;Diferido;155462.0000000000;S
08.322.396/0001-03;2024-03-31;1;CERRADINHO BIOENERGIA S.A.;026522;DF Consolidado - Demonstração do Resultado;REAL;MIL;PENÚLTIMO;2022-04-01;2023-03-31;3.09;Resultado Líquido das Operações Continuadas;242803.0000000000;S
08.322.396/0001-03;2024-03-31;1;CERRADINHO BIOENERGIA S.A.;026522;DF Consolidado - Demonstração do Resultado;REAL;MIL;ÚLTIMO;2023-04-01;2024-03-31;3.09;Resultado Líquido das Operações Continuadas;40295.0000000000;S
08.322.396/0001-03;2024-03-31;1;CERRADINHO BIOENERGIA S.A.;026522;DF Consolidado - Demonstração do Resultado;REAL;MIL;PENÚLTIMO;2022-04-01;2023-03-31;3.10;Resultado Líquido de Operações Descontinuadas;0.0000000000;S
08.322.396/0001-03;2024-03-31;1;CERRADINHO BIOENERGIA S.A.;026522;DF Consolidado - Demonstração do Resultado;REAL;MIL;ÚLTIMO;2023-04-01;2024-03-31;3.10;Resultado Líquido de Operações Descontinuadas;0.0000000000;S
08.322.396/0001-03;2024-03-31;1;CERRADINHO BIOENERGIA S.A.;026522;DF Consolidado - Demonstração do Resultado;REAL;MIL;PENÚLTIMO;2022-04-01;2023-03-31;3.10.01;Lucro/Prejuízo Líquido das Operações Descontinuadas;0.0000000000;S
08.322.396/0001-03;2024-03-31;1;CERRADINHO BIOENERGIA S.A.;026522;DF Consolidado - Demonstração do Resultado;REAL;MIL;ÚLTIMO;2023-04-01;2024-03-31;3.10.01;Lucro/Prejuízo Líquido das Operações Descontinuadas;0.0000000000;S
08.322.396/0001-03;2024-03-31;1;CERRADINHO BIOENERGIA S.A.;026522;DF Consolidado - Demonstração do Resultado;REAL;MIL;PENÚLTIMO;2022-04-01;2023-03-31;3.10.02;Ganhos/Perdas Líquidas sobre Ativos de Operações Descontinuadas;0.0000000000;S
08.322.396/0001-03;2024-03-31;1;CERRADINHO BIOENERGIA S.A.;026522;DF Consolidado - Demonstração do Resultado;REAL;MIL;ÚLTIMO;2023-04-01;2024-03-31;3.10.02;Ganhos/Perdas Líquidas sobre Ativos de Operações Descontinuadas;0.0000000000;S
08.322.396/0001-03;2024-03-31;1;CERRADINHO BIOENERGIA S.A.;026522;DF Consolidado - Demonstração do Resultado;REAL;MIL;PENÚLTIMO;2022-04-01;2023-03-31;3.11;Lucro/Prejuízo Consolidado do Período;242803.0000000000;S
08.322.396/0001-03;2024-03-31;1;CERRADINHO BIOENERGIA S.A.;026522;DF Consolidado - Demonstração do Resultado;REAL;MIL;ÚLTIMO;2023-04-01;2024-03-31;3.11;Lucro/Prejuízo Consolidado do Período;40295.0000000000;S
08.322.396/0001-03;2024-03-31;1;CERRADINHO BIOENERGIA S.A.;026522;DF Consolidado - Demonstração do Resultado;REAL;MIL;PENÚLTIMO;2022-04-01;2023-03-31;3.11.01;Atribuído a Sócios da Empresa Controladora;242803.0000000000;S
08.322.396/0001-03;2024-03-31;1;CERRADINHO BIOENERGIA S.A.;026522;DF Consolidado - Demonstração do Resultado;REAL;MIL;ÚLTIMO;2023-04-01;2024-03-31;3.11.01;Atribuído a Sócios da Empresa Controladora;40295.0000000000;S
08.322.396/0001-03;2024-03-31;1;CERRADINHO BIOENERGIA S.A.;026522;DF Consolidado - Demonstração do Resultado;REAL;MIL;PENÚLTIMO;2022-04-01;2023-03-31;3.11.02;Atribuído a Sócios Não Controladores;0.0000000000;S
08.322.396/0001-03;2024-03-31;1;CERRADINHO BIOENERGIA S.A.;026522;DF Consolidado - Demonstração do Resultado;REAL;MIL;ÚLTIMO;2023-04-01;2024-03-31;3.11.02;Atribuído a Sócios Não Controladores;0.0000000000;S
08.322.396/0001-03;2024-03-31;1;CERRADINHO BIOENERGIA S.A.;026522;DF Consolidado - Demonstração do Resultado;REAL;MIL;PENÚLTIMO;2022-04-01;2023-03-31;3.99;Lucro por Ação - (Reais / Ação);0.5298171193;N
08.322.396/0001-03;2024-03-31;1;CERRADINHO BIOENERGIA S.A.;026522;DF Consolidado - Demonstração do Resultado;REAL;MIL;ÚLTIMO;2023-04-01;2024-03-31;3.99;Lucro por Ação - (Reais / Ação);0.0879271808;N
08.322.396/0001-03;2024-03-31;1;CERRADINHO BIOENERGIA S.A.;026522;DF Consolidado - Demonstração do Resultado;REAL;MIL;PENÚLTIMO;2022-04-01;2023-03-31;3.99.01;Lucro Básico por Ação;0.5298171193;N
08.322.396/0001-03;2024-03-31;1;CERRADINHO BIOENERGIA S.A.;026522;DF Consolidado - Demonstração do Resultado;REAL;MIL;ÚLTIMO;2023-04-01;2024-03-31;3.99.01;Lucro Básico por Ação;0.0879271808;N
08.322.396/0001-03;2024-03-31;1;CERRADINHO BIOENERGIA S.A.;026522;DF Consolidado - Demonstração do Resultado;REAL;MIL;PENÚLTIMO;2022-04-01;2023-03-31;3.99.01.01;ON;0.5298171193;N
08.322.396/0001-03;2024-03-31;1;CERRADINHO BIOENERGIA S.A.;026522;DF Consolidado - Demonstração do Resultado;REAL;MIL;ÚLTIMO;2023-04-01;2024-03-31;3.99.01.01;ON;0.0879271808;N
08.322.396/0001-03;2024-03-31;1;CERRADINHO BIOENERGIA S.A.;026522;DF Consolidado - Demonstração do Resultado;REAL;MIL;PENÚLTIMO;2022-04-01;2023-03-31;3.99.02;Lucro Diluído por Ação;0.0000000000;N
08.322.396/0001-03;2024-03-31;1;CERRADINHO BIOENERGIA S.A.;026522;DF Consolidado - Demonstração do Resultado;REAL;MIL;ÚLTIMO;2023-04-01;2024-03-31;3.99.02;Lucro Diluído por Ação;0.0879271808;N
08.322.396/0001-03;2024-03-31;1;CERRADINHO BIOENERGIA S.A.;026522;DF Consolidado - Demonstração do Resultado;REAL;MIL;PENÚLTIMO;2022-04-01;2023-03-31;3.99.02.01;ON;0.5298171193;N
08.322.396/0001-03;2024-03-31;1;CERRADINHO BIOENERGIA S.A.;026522;DF Consolidado - Demonstração do Resultado;REAL;MIL;ÚLTIMO;2023-04-01;2024-03-31;3.99.02.01;ON;0.0879271808;N
33.453.598/0001-23;2024-03-31;1;RAÍZEN S.A.;025917;DF Consolidado - Demonstração do Resultado;REAL;MIL;PENÚLTIMO;2022-04-01;2023-03-31;3.01;Receita de Venda de Bens e/ou Serviços;245831790.0000000000;S
33.453.598/0001-23;2024-03-31;1;RAÍZEN S.A.;025917;DF Consolidado - Demonstração do Resultado;REAL;MIL;ÚLTIMO;2023-04-01;2024-03-31;3.01;Receita de Venda de Bens e/ou Serviços;220454239.0000000000;S
33.453.598/0001-23;2024-03-31;1;RAÍZEN S.A.;025917;DF Consolidado - Demonstração do Resultado;REAL;MIL;PENÚLTIMO;2022-04-01;2023-03-31;3.02;Custo dos Bens e/ou Serviços Vendidos;-230564083.0000000000;S
33.453.598/0001-23;2024-03-31;1;RAÍZEN S.A.;025917;DF Consolidado - Demonstração do Resultado;REAL;MIL;ÚLTIMO;2023-04-01;2024-03-31;3.02;Custo dos Bens e/ou Serviços Vendidos;-204730642.0000000000;S
33.453.598/0001-23;2024-03-31;1;RAÍZEN S.A.;025917;DF Consolidado - Demonstração do Resultado;REAL;MIL;PENÚLTIMO;2022-04-01;2023-03-31;3.03;Resultado Bruto;15267707.0000000000;S
33.453.598/0001-23;2024-03-31;1;RAÍZEN S.A.;025917;DF Consolidado - Demonstração do Resultado;REAL;MIL;ÚLTIMO;2023-04-01;2024-03-31;3.03;Resultado Bruto;15723597.0000000000;S
33.453.598/0001-23;2024-03-31;1;RAÍZEN S.A.;025917;DF Consolidado - Demonstração do Resultado;REAL;MIL;PENÚLTIMO;2022-04-01;2023-03-31;3.04;Despesas/Receitas Operacionais;-7181366.0000000000;S
33.453.598/0001-23;2024-03-31;1;RAÍZEN S.A.;025917;DF Consolidado - Demonstração do Resultado;REAL;MIL;ÚLTIMO;2023-04-01;2024-03-31;3.04;Despesas/Receitas Operacionais;-7796970.0000000000;S
33.453.598/0001-23;2024-03-31;1;RAÍZEN S.A.;025917;DF Consolidado - Demonstração do Resultado;REAL;MIL;PENÚLTIMO;2022-04-01;2023-03-31;3.04.01;Despesas com Vendas;-5234882.0000000000;S
33.453.598/0001-23;2024-03-31;1;RAÍZEN S.A.;025917;DF Consolidado - Demonstração do Resultado;REAL;MIL;ÚLTIMO;2023-04-01;2024-03-31;3.04.01;Despesas com Vendas;-6109524.0000000000;S
33.453.598/0001-23;2024-03-31;1;RAÍZEN S.A.;025917;DF Consolidado - Demonstração do Resultado;REAL;MIL;PENÚLTIMO;2022-04-01;2023-03-31;3.04.02;Despesas Gerais e Administrativas;-2553864.0000000000;S
33.453.598/0001-23;2024-03-31;1;RAÍZEN S.A.;025917;DF Consolidado - Demonstração do Resultado;REAL;MIL;ÚLTIMO;2023-04-01;2024-03-31;3.04.02;Despesas Gerais e Administrativas;-2882872.0000000000;S
33.453.598/0001-23;2024-03-31;1;RAÍZEN S.A.;025917;DF Consolidado - Demonstração do Resultado;REAL;MIL;PENÚLTIMO;2022-04-01;2023-03-31;3.04.03;Perdas pela Não Recuperabilidade de Ativos;0.0000000000;S
33.453.598/0001-23;2024-03-31;1;RAÍZEN S.A.;025917;DF Consolidado - Demonstração do Resultado;REAL;MIL;ÚLTIMO;2023-04-01;2024-03-31;3.04.03;Perdas pela Não Recuperabilidade de Ativos;0.0000000000;S
33.453.598/0001-23;2024-03-31;1;RAÍZEN S.A.;025917;DF Consolidado - Demonstração do Resultado;REAL;MIL;PENÚLTIMO;2022-04-01;2023-03-31;3.04.04;Outras Receitas Operacionais;1352676.0000000000;S
33.453.598/0001-23;2024-03-31;1;RAÍZEN S.A.;025917;DF Consolidado - Demonstração do Resultado;REAL;MIL;ÚLTIMO;2023-04-01;2024-03-31;3.04.04;Outras Receitas Operacionais;1735401.0000000000;S
33.453.598/0001-23;2024-03-31;1;RAÍZEN S.A.;025917;DF Consolidado - Demonstração do Resultado;REAL;MIL;PENÚLTIMO;2022-04-01;2023-03-31;3.04.05;Outras Despesas Operacionais;-615204.0000000000;S
33.453.598/0001-23;2024-03-31;1;RAÍZEN S.A.;025917;DF Consolidado - Demonstração do Resultado;REAL;MIL;ÚLTIMO;2023-04-01;2024-03-31;3.04.05;Outras Despesas Operacionais;-287545.0000000000;S
33.453.598/0001-23;2024-03-31;1;RAÍZEN S.A.;025917;DF Consolidado - Demonstração do Resultado;REAL;MIL;PENÚLTIMO;2022-04-01;2023-03-31;3.04.06;Resultado de Equivalência Patrimonial;-130092.0000000000;S
33.453.598/0001-23;2024-03-31;1;RAÍZEN S.A.;025917;DF Consolidado - Demonstração do Resultado;REAL;MIL;ÚLTIMO;2023-04-01;2024-03-31;3.04.06;Resultado de Equivalência Patrimonial;-252430.0000000000;S
33.453.598/0001-23;2024-03-31;1;RAÍZEN S.A.;025917;DF Consolidado - Demonstração do Resultado;REAL;MIL;PENÚLTIMO;2022-04-01;2023-03-31;3.05;Resultado Antes do Resultado Financeiro e dos Tributos;8086341.0000000000;S
33.453.598/0001-23;2024-03-31;1;RAÍZEN S.A.;025917;DF Consolidado - Demonstração do Resultado;REAL;MIL;ÚLTIMO;2023-04-01;2024-03-31;3.05;Resultado Antes do Resultado Financeiro e dos Tributos;7926627.0000000000;S
33.453.598/0001-23;2024-03-31;1;RAÍZEN S.A.;025917;DF Consolidado - Demonstração do Resultado;REAL;MIL;PENÚLTIMO;2022-04-01;2023-03-31;3.06;Resultado Financeiro;-4822761.0000000000;S
33.453.598/0001-23;2024-03-31;1;RAÍZEN S.A.;025917;DF Consolidado - Demonstração do Resultado;REAL;MIL;ÚLTIMO;2023-04-01;2024-03-31;3.06;Resultado Financeiro;-6314539.0000000000;S
33.453.598/0001-23;2024-03-31;1;RAÍZEN S.A.;025917;DF Consolidado - Demonstração do Resultado;REAL;MIL;PENÚLTIMO;2022-04-01;2023-03-31;3.06.01;Receitas Financeiras;2167658.0000000000;S
33.453.598/0001-23;2024-03-31;1;RAÍZEN S.A.;025917;DF Consolidado - Demonstração do Resultado;REAL;MIL;ÚLTIMO;2023-04-01;2024-03-31;3.06.01;Receitas Financeiras;2139261.0000000000;S
33.453.598/0001-23;2024-03-31;1;RAÍZEN S.A.;025917;DF Consolidado - Demonstração do Resultado;REAL;MIL;PENÚLTIMO;2022-04-01;2023-03-31;3.06.01.01;Receitas financeiras;819660.0000000000;N
33.453.598/0001-23;2024-03-31;1;RAÍZEN S.A.;025917;DF Consolidado - Demonstração do Resultado;REAL;MIL;ÚLTIMO;2023-04-01;2024-03-31;3.06.01.01;Receitas financeiras;851619.0000000000;N
33.453.598/0001-23;2024-03-31;1;RAÍZEN S.A.;025917;DF Consolidado - Demonstração do Resultado;REAL;MIL;PENÚLTIMO;2022-04-01;2023-03-31;3.06.01.02;Variações cambiais, líquidas;909428.0000000000;N
33.453.598/0001-23;2024-03-31;1;RAÍZEN S.A.;025917;DF Consolidado - Demonstração do Resultado;REAL;MIL;ÚLTIMO;2023-04-01;2024-03-31;3.06.01.02;Variações cambiais, líquidas;1287642.0000000000;N
33.453.598/0001-23;2024-03-31;1;RAÍZEN S.A.;025917;DF Consolidado - Demonstração do Resultado;REAL;MIL;PENÚLTIMO;2022-04-01;2023-03-31;3.06.01.03;Efeito líquido dos derivativos;438570.0000000000;N
33.453.598/0001-23;2024-03-31;1;RAÍZEN S.A.;025917;DF Consolidado - Demonstração do Resultado;REAL;MIL;ÚLTIMO;2023-04-01;2024-03-31;3.06.01.03;Efeito líquido dos derivativos;0.0000000000;N
33.453.598/0001-23;2024-03-31;1;RAÍZEN S.A.;025917;DF Consolidado - Demonstração do Resultado;REAL;MIL;PENÚLTIMO;2022-04-01;2023-03-31;3.06.02;Despesas Financeiras;-6990419.0000000000;S
33.453.598/0001-23;2024-03-31;1;RAÍZEN S.A.;025917;DF Consolidado - Demonstração do Resultado;REAL;MIL;ÚLTIMO;2023-04-01;2024-03-31;3.06.02;Despesas Financeiras;-8453800.0000000000;S
33.453.598/0001-23;2024-03-31;1;RAÍZEN S.A.;025917;DF Consolidado - Demonstração do Resultado;REAL;MIL;PENÚLTIMO;2022-04-01;2023-03-31;3.06.02.01;Despesas Financeiras;-3938084.0000000000;N
33.453.598/0001-23;2024-03-31;1;RAÍZEN S.A.;025917;DF Consolidado - Demonstração do Resultado;REAL;MIL;ÚLTIMO;2023-04-01;2024-03-31;3.06.02.01;Despesas Financeiras;-6128884.0000000000;N
33.453.598/0001-23;2024-03-31;1;RAÍZEN S.A.;025917;DF Consolidado - Demonstração do Resultado;REAL;MIL;PENÚLTIMO;2022-04-01;2023-03-31;3.06.02.02;Variações cambiais, líquidas;-1581901.0000000000;N
33.453.598/0001-23;2024-03-31;1;RAÍZEN S.A.;025917;DF Consolidado - Demonstração do Resultado;REAL;MIL;ÚLTIMO;2023-04-01;2024-03-31;3.06.02.02;Variações cambiais, líquidas;-947376.0000000000;N
33.453.598/0001-23;2024-03-31;1;RAÍZEN S.A.;025917;DF Consolidado - Demonstração do Resultado;REAL;MIL;PENÚLTIMO;2022-04-01;2023-03-31;3.06.02.03;Efeito líquido dos derivativos;-1470434.0000000000;N
33.453.598/0001-23;2024-03-31;1;RAÍZEN S.A.;025917;DF Consolidado - Demonstração do Resultado;REAL;MIL;ÚLTIMO;2023-04-01;2024-03-31;3.06.02.03;Efeito líquido dos derivativos;-1377540.0000000000;N
33.453.598/0001-23;2024-03-31;1;RAÍZEN S.A.;025917;DF Consolidado - Demonstração do Resultado;REAL;MIL;PENÚLTIMO;2022-04-01;2023-03-31;3.07;Resultado Antes dos Tributos sobre o Lucro;3263580.0000000000;S
33.453.598/0001-23;2024-03-31;1;RAÍZEN S.A.;025917;DF Consolidado - Demonstração do Resultado;REAL;MIL;ÚLTIMO;2023-04-01;2024-03-31;3.07;Resultado Antes dos Tributos sobre o Lucro;1612088.0000000000;S
33.453.598/0001-23;2024-03-31;1;RAÍZEN S.A.;025917;DF Consolidado - Demonstração do Resultado;REAL;MIL;PENÚLTIMO;2022-04-01;2023-03-31;3.08;Imposto de Renda e Contribuição Social sobre o Lucro;-760254.0000000000;S
33.453.598/0001-23;2024-03-31;1;RAÍZEN S.A.;025917;DF Consolidado - Demonstração do Resultado;REAL;MIL;ÚLTIMO;2023-04-01;2024-03-31;3.08;Imposto de Renda e Contribuição Social sobre o Lucro;-997955.0000000000;S
33.453.598/0001-23;2024-03-31;1;RAÍZEN S.A.;025917;DF Consolidado - Demonstração do Resultado;REAL;MIL;PENÚLTIMO;2022-04-01;2023-03-31;3.08.01;Corrente;-1676607.0000000000;S
33.453.598/0001-23;2024-03-31;1;RAÍZEN S.A.;025917;DF Consolidado - Demonstração do Resultado;REAL;MIL;ÚLTIMO;2023-04-01;2024-03-31;3.08.01;Corrente;-1165552.0000000000;S
33.453.598/0001-23;2024-03-31;1;RAÍZEN S.A.;025917;DF Consolidado - Demonstração do Resultado;REAL;MIL;PENÚLTIMO;2022-04-01;2023-03-31;3.08.02;Diferido;916353.0000000000;S
33.453.598/0001-23;2024-03-31;1;RAÍZEN S.A.;025917;DF Consolidado - Demonstração do Resultado;REAL;MIL;ÚLTIMO;2023-04-01;2024-03-31;3.08.02;Diferido;167597.0000000000;S
33.453.598/0001-23;2024-03-31;1;RAÍZEN S.A.;025917;DF Consolidado - Demonstração do Resultado;REAL;MIL;PENÚLTIMO;2022-04-01;2023-03-31;3.09;Resultado Líquido das Operações Continuadas;2503326.0000000000;S
33.453.598/0001-23;2024-03-31;1;RAÍZEN S.A.;025917;DF Consolidado - Demonstração do Resultado;REAL;MIL;ÚLTIMO;2023-04-01;2024-03-31;3.09;Resultado Líquido das Operações Continuadas;614133.0000000000;S
33.453.598/0001-23;2024-03-31;1;RAÍZEN S.A.;025917;DF Consolidado - Demonstração do Resultado;REAL;MIL;PENÚLTIMO;2022-04-01;2023-03-31;3.10;Resultado Líquido de Operações Descontinuadas;0.0000000000;S
33.453.598/0001-23;2024-03-31;1;RAÍZEN S.A.;025917;DF Consolidado - Demonstração do Resultado;REAL;MIL;ÚLTIMO;2023-04-01;2024-03-31;3.10;Resultado Líquido de Operações Descontinuadas;0.0000000000;S
33.453.598/0001-23;2024-03-31;1;RAÍZEN S.A.;025917;DF Consolidado - Demonstração do Resultado;REAL;MIL;PENÚLTIMO;2022-04-01;2023-03-31;3.10.01;Lucro/Prejuízo Líquido das Operações Descontinuadas;0.0000000000;S
33.453.598/0001-23;2024-03-31;1;RAÍZEN S.A.;025917;DF Consolidado - Demonstração do Resultado;REAL;MIL;ÚLTIMO;2023-04-01;2024-03-31;3.10.01;Lucro/Prejuízo Líquido das Operações Descontinuadas;0.0000000000;S
33.453.598/0001-23;2024-03-31;1;RAÍZEN S.A.;025917;DF Consolidado - Demonstração do Resultado;REAL;MIL;PENÚLTIMO;2022-04-01;2023-03-31;3.10.02;Ganhos/Perdas Líquidas sobre Ativos de Operações Descontinuadas;0.0000000000;S
33.453.598/0001-23;2024-03-31;1;RAÍZEN S.A.;025917;DF Consolidado - Demonstração do Resultado;REAL;MIL;ÚLTIMO;2023-04-01;2024-03-31;3.10.02;Ganhos/Perdas Líquidas sobre Ativos de Operações Descontinuadas;0.0000000000;S
33.453.598/0001-23;2024-03-31;1;RAÍZEN S.A.;025917;DF Consolidado - Demonstração do Resultado;REAL;MIL;PENÚLTIMO;2022-04-01;2023-03-31;3.11;Lucro/Prejuízo Consolidado do Período;2503326.0000000000;S
33.453.598/0001-23;2024-03-31;1;RAÍZEN S.A.;025917;DF Consolidado - Demonstração do Resultado;REAL;MIL;ÚLTIMO;2023-04-01;2024-03-31;3.11;Lucro/Prejuízo Consolidado do Período;614133.0000000000;S
33.453.598/0001-23;2024-03-31;1;RAÍZEN S.A.;025917;DF Consolidado - Demonstração do Resultado;REAL;MIL;PENÚLTIMO;2022-04-01;2023-03-31;3.11.01;Atribuído a Sócios da Empresa Controladora;2441126.0000000000;S
33.453.598/0001-23;2024-03-31;1;RAÍZEN S.A.;025917;DF Consolidado - Demonstração do Resultado;REAL;MIL;ÚLTIMO;2023-04-01;2024-03-31;3.11.01;Atribuído a Sócios da Empresa Controladora;520715.0000000000;S
33.453.598/0001-23;2024-03-31;1;RAÍZEN S.A.;025917;DF Consolidado - Demonstração do Resultado;REAL;MIL;PENÚLTIMO;2022-04-01;2023-03-31;3.11.02;Atribuído a Sócios Não Controladores;62200.0000000000;S
33.453.598/0001-23;2024-03-31;1;RAÍZEN S.A.;025917;DF Consolidado - Demonstração do Resultado;REAL;MIL;ÚLTIMO;2023-04-01;2024-03-31;3.11.02;Atribuído a Sócios Não Controladores;93418.0000000000;S
33.453.598/0001-23;2024-03-31;1;RAÍZEN S.A.;025917;DF Consolidado - Demonstração do Resultado;REAL;MIL;PENÚLTIMO;2022-04-01;2023-03-31;3.99;Lucro por Ação - (Reais / Ação);0.0000000000;N
33.453.598/0001-23;2024-03-31;1;RAÍZEN S.A.;025917;DF Consolidado - Demonstração do Resultado;REAL;MIL;ÚLTIMO;2023-04-01;2024-03-31;3.99;Lucro por Ação - (Reais / Ação);0.0000000000;N
33.453.598/0001-23;2024-03-31;1;RAÍZEN S.A.;025917;DF Consolidado - Demonstração do Resultado;REAL;MIL;PENÚLTIMO;2022-04-01;2023-03-31;3.99.01;Lucro Básico por Ação;0.0000000000;N
33.453.598/0001-23;2024-03-31;1;RAÍZEN S.A.;025917;DF Consolidado - Demonstração do Resultado;REAL;MIL;ÚLTIMO;2023-04-01;2024-03-31;3.99.01;Lucro Básico por Ação;0.0000000000;N
33.453.598/0001-23;2024-03-31;1;RAÍZEN S.A.;025917;DF Consolidado - Demonstração do Resultado;REAL;MIL;PENÚLTIMO;2022-04-01;2023-03-31;3.99.01.01;ON;0.2365000000;N
33.453.598/0001-23;2024-03-31;1;RAÍZEN S.A.;025917;DF Consolidado - Demonstração do Resultado;REAL;MIL;ÚLTIMO;2023-04-01;2024-03-31;3.99.01.01;ON;0.0504400000;N
33.453.598/0001-23;2024-03-31;1;RAÍZEN S.A.;025917;DF Consolidado - Demonstração do Resultado;REAL;MIL;PENÚLTIMO;2022-04-01;2023-03-31;3.99.01.02;PN;0.2365000000;N
33.453.598/0001-23;2024-03-31;1;RAÍZEN S.A.;025917;DF Consolidado - Demonstração do Resultado;REAL;MIL;ÚLTIMO;2023-04-01;2024-03-31;3.99.01.02;PN;0.0504400000;N
33.453.598/0001-23;2024-03-31;1;RAÍZEN S.A.;025917;DF Consolidado - Demonstração do Resultado;REAL;MIL;PENÚLTIMO;2022-04-01;2023-03-31;3.99.02;Lucro Diluído por Ação;0.0000000000;N
33.453.598/0001-23;2024-03-31;1;RAÍZEN S.A.;025917;DF Consolidado - Demonstração do Resultado;REAL;MIL;ÚLTIMO;2023-04-01;2024-03-31;3.99.02;Lucro Diluído por Ação;0.0000000000;N
33.453.598/0001-23;2024-03-31;1;RAÍZEN S.A.;025917;DF Consolidado - Demonstração do Resultado;REAL;MIL;PENÚLTIMO;2022-04-01;2023-03-31;3.99.02.01;ON;0.2363600000;N
33.453.598/0001-23;2024-03-31;1;RAÍZEN S.A.;025917;DF Consolidado - Demonstração do Resultado;REAL;MIL;ÚLTIMO;2023-04-01;2024-03-31;3.99.02.01;ON;0.0503600000;N
33.453.598/0001-23;2024-03-31;1;RAÍZEN S.A.;025917;DF Consolidado - Demonstração do Resultado;REAL;MIL;PENÚLTIMO;2022-04-01;2023-03-31;3.99.02.02;PN;0.2363600000;N
33.453.598/0001-23;2024-03-31;1;RAÍZEN S.A.;025917;DF Consolidado - Demonstração do Resultado;REAL;MIL;ÚLTIMO;2023-04-01;2024-03-31;3.99.02.02;PN;0.0503600000;N
51.466.860/0001-56;2024-03-31;1;SAO MARTINHO S.A.;020516;DF Consolidado - Demonstração do Resultado;REAL;MIL;PENÚLTIMO;2022-04-01;2023-03-31;3.01;Receita de Venda de Bens e/ou Serviços;6627566.0000000000;S
51.466.860/0001-56;2024-03-31;1;SAO MARTINHO S.A.;020516;DF Consolidado - Demonstração do Resultado;REAL;MIL;ÚLTIMO;2023-04-01;2024-03-31;3.01;Receita de Venda de Bens e/ou Serviços;6891738.0000000000;S
51.466.860/0001-56;2024-03-31;1;SAO MARTINHO S.A.;020516;DF Consolidado - Demonstração do Resultado;REAL;MIL;PENÚLTIMO;2022-04-01;2023-03-31;3.02;Custo dos Bens e/ou Serviços Vendidos;-4589655.0000000000;S
51.466.860/0001-56;2024-03-31;1;SAO MARTINHO S.A.;020516;DF Consolidado - Demonstração do Resultado;REAL;MIL;ÚLTIMO;2023-04-01;2024-03-31;3.02;Custo dos Bens e/ou Serviços Vendidos;-5216291.0000000000;S
51.466.860/0001-56;2024-03-31;1;SAO MARTINHO S.A.;020516;DF Consolidado - Demonstração do Resultado;REAL;MIL;PENÚLTIMO;2022-04-01;2023-03-31;3.03;Resultado Bruto;2037911.0000000000;S
51.466.860/0001-56;2024-03-31;1;SAO MARTINHO S.A.;020516;DF Consolidado - Demonstração do Resultado;REAL;MIL;ÚLTIMO;2023-04-01;2024-03-31;3.03;Resultado Bruto;1675447.0000000000;S
51.466.860/0001-56;2024-03-31;1;SAO MARTINHO S.A.;020516;DF Consolidado - Demonstração do Resultado;REAL;MIL;PENÚLTIMO;2022-04-01;2023-03-31;3.04;Despesas/Receitas Operacionais;38638.0000000000;S
51.466.860/0001-56;2024-03-31;1;SAO MARTINHO S.A.;020516;DF Consolidado - Demonstração do Resultado;REAL;MIL;ÚLTIMO;2023-04-01;2024-03-31;3.04;Despesas/Receitas Operacionais;856038.0000000000;S
51.466.860/0001-56;2024-03-31;1;SAO MARTINHO S.A.;020516;DF Consolidado - Demonstração do Resultado;REAL;MIL;PENÚLTIMO;2022-04-01;2023-03-31;3.04.01;Despesas com Vendas;-221597.0000000000;S
51.466.860/0001-56;2024-03-31;1;SAO MARTINHO S.A.;020516;DF Consolidado - Demonstração do Resultado;REAL;MIL;ÚLTIMO;2023-04-01;2024-03-31;3.04.01;Despesas com Vendas;-255455.0000000000;S
51.466.860/0001-56;2024-03-31;1;SAO MARTINHO S.A.;020516;DF Consolidado - Demonstração do Resultado;REAL;MIL;PENÚLTIMO;2022-04-01;2023-03-31;3.04.02;Despesas Gerais e Administrativas;-264367.0000000000;S
51.466.860/0001-56;2024-03-31;1;SAO MARTINHO S.A.;020516;DF Consolidado - Demonstração do Resultado;REAL;MIL;ÚLTIMO;2023-04-01;2024-03-31;3.04.02;Despesas Gerais e Administrativas;-343266.0000000000;S
51.466.860/0001-56;2024-03-31;1;SAO MARTINHO S.A.;020516;DF Consolidado - Demonstração do Resultado;REAL;MIL;PENÚLTIMO;2022-04-01;2023-03-31;3.04.03;Perdas pela Não Recuperabilidade de Ativos;0.0000000000;S
51.466.860/0001-56;2024-03-31;1;SAO MARTINHO S.A.;020516;DF Consolidado - Demonstração do Resultado;REAL;MIL;ÚLTIMO;2023-04-01;2024-03-31;3.04.03;Perdas pela Não Recuperabilidade de Ativos;0.0000000000;S
51.466.860/0001-56;2024-03-31;1;SAO MARTINHO S.A.;020516;DF Consolidado - Demonstração do Resultado;REAL;MIL;PENÚLTIMO;2022-04-01;2023-03-31;3.04.04;Outras Receitas Operacionais;519569.0000000000;S
51.466.860/0001-56;2024-03-31;1;SAO MARTINHO S.A.;020516;DF Consolidado - Demonstração do Resultado;REAL;MIL;ÚLTIMO;2023-04-01;2024-03-31;3.04.04;Outras Receitas Operacionais;1446441.0000000000;S
51.466.860/0001-56;2024-03-31;1;SAO MARTINHO S.A.;020516;DF Consolidado - Demonstração do Resultado;REAL;MIL;PENÚLTIMO;2022-04-01;2023-03-31;3.04.05;Outras Despesas Operacionais;0.0000000000;S
51.466.860/0001-56;2024-03-31;1;SAO MARTINHO S.A.;020516;DF Consolidado - Demonstração do Resultado;REAL;MIL;ÚLTIMO;2023-04-01;2024-03-31;3.04.05;Outras Despesas Operacionais;0.0000000000;S
51.466.860/0001-56;2024-03-31;1;SAO MARTINHO S.A.;020516;DF Consolidado - Demonstração do Resultado;REAL;MIL;PENÚLTIMO;2022-04-01;2023-03-31;3.04.06;Resultado de Equivalência Patrimonial;5033.0000000000;S
51.466.860/0001-56;2024-03-31;1;SAO MARTINHO S.A.;020516;DF Consolidado - Demonstração do Resultado;REAL;MIL;ÚLTIMO;2023-04-01;2024-03-31;3.04.06;Resultado de Equivalência Patrimonial;8318.0000000000;S
51.466.860/0001-56;2024-03-31;1;SAO MARTINHO S.A.;020516;DF Consolidado - Demonstração do Resultado;REAL;MIL;PENÚLTIMO;2022-04-01;2023-03-31;3.05;Resultado Antes do Resultado Financeiro e dos Tributos;2076549.0000000000;S
51.466.860/0001-56;2024-03-31;1;SAO MARTINHO S.A.;020516;DF Consolidado - Demonstração do Resultado;REAL;MIL;ÚLTIMO;2023-04-01;2024-03-31;3.05;Resultado Antes do Resultado Financeiro e dos Tributos;2531485.0000000000;S
51.466.860/0001-56;2024-03-31;1;SAO MARTINHO S.A.;020516;DF Consolidado - Demonstração do Resultado;REAL;MIL;PENÚLTIMO;2022-04-01;2023-03-31;3.06;Resultado Financeiro;-882937.0000000000;S
51.466.860/0001-56;2024-03-31;1;SAO MARTINHO S.A.;020516;DF Consolidado - Demonstração do Resultado;REAL;MIL;ÚLTIMO;2023-04-01;2024-03-31;3.06;Resultado Financeiro;-744864.0000000000;S
51.466.860/0001-56;2024-03-31;1;SAO MARTINHO S.A.;020516;DF Consolidado - Demonstração do Resultado;REAL;MIL;PENÚLTIMO;2022-04-01;2023-03-31;3.06.01;Receitas Financeiras;374494.0000000000;S
51.466.860/0001-56;2024-03-31;1;SAO MARTINHO S.A.;020516;DF Consolidado - Demonstração do Resultado;REAL;MIL;ÚLTIMO;2023-04-01;2024-03-31;3.06.01;Receitas Financeiras;362978.0000000000;S
51.466.860/0001-56;2024-03-31;1;SAO MARTINHO S.A.;020516;DF Consolidado - Demonstração do Resultado;REAL;MIL;PENÚLTIMO;2022-04-01;2023-03-31;3.06.02;Despesas Financeiras;-1257431.0000000000;S
51.466.860/0001-56;2024-03-31;1;SAO MARTINHO S.A.;020516;DF Consolidado - Demonstração do Resultado;REAL;MIL;ÚLTIMO;2023-04-01;2024-03-31;3.06.02;Despesas Financeiras;-1107842.0000000000;S
51.466.860/0001-56;2024-03-31;1;SAO MARTINHO S.A.;020516;DF Consolidado - Demonstração do Resultado;REAL;MIL;PENÚLTIMO;2022-04-01;2023-03-31;3.07;Resultado Antes dos Tributos sobre o Lucro;1193612.0000000000;S
51.466.860/0001-56;2024-03-31;1;SAO MARTINHO S.A.;020516;DF Consolidado - Demonstração do Resultado;REAL;MIL;ÚLTIMO;2023-04-01;2024-03-31;3.07;Resultado Antes dos Tributos sobre o Lucro;1786621.0000000000;S
51.466.860/0001-56;2024-03-31;1;SAO MARTINHO S.A.;020516;DF Consolidado - Demonstração do Resultado;REAL;MIL;PENÚLTIMO;2022-04-01;2023-03-31;3.08;Imposto de Renda e Contribuição Social sobre o Lucro;-177868.0000000000;S
51.466.860/0001-56;2024-03-31;1;SAO MARTINHO S.A.;020516;DF Consolidado - Demonstração do Resultado;REAL;MIL;ÚLTIMO;2023-04-01;2024-03-31;3.08;Imposto de Renda e Contribuição Social sobre o Lucro;-310342.0000000000;S
51.466.860/0001-56;2024-03-31;1;SAO MARTINHO S.A.;020516;DF Consolidado - Demonstração do Resultado;REAL;MIL;PENÚLTIMO;2022-04-01;2023-03-31;3.08.01;Corrente;-273804.0000000000;S
51.466.860/0001-56;2024-03-31;1;SAO MARTINHO S.A.;020516;DF Consolidado - Demonstração do Resultado;REAL;MIL;ÚLTIMO;2023-04-01;2024-03-31;3.08.01;Corrente;-514421.0000000000;S
51.466.860/0001-56;2024-03-31;1;SAO MARTINHO S.A.;020516;DF Consolidado - Demonstração do Resultado;REAL;MIL;PENÚLTIMO;2022-04-01;2023-03-31;3.08.02;Diferido;95936.0000000000;S
51.466.860/0001-56;2024-03-31;1;SAO MARTINHO S.A.;020516;DF Consolidado - Demonstração do Resultado;REAL;MIL;ÚLTIMO;2023-04-01;2024-03-31;3.08.02;Diferido;204079.0000000000;S
51.466.860/0001-56;2024-03-31;1;SAO MARTINHO S.A.;020516;DF Consolidado - Demonstração do Resultado;REAL;MIL;PENÚLTIMO;2022-04-01;2023-03-31;3.09;Resultado Líquido das Operações Continuadas;1015744.0000000000;S
51.466.860/0001-56;2024-03-31;1;SAO MARTINHO S.A.;020516;DF Consolidado - Demonstração do Resultado;REAL;MIL;ÚLTIMO;2023-04-01;2024-03-31;3.09;Resultado Líquido das Operações Continuadas;1476279.0000000000;S
51.466.860/0001-56;2024-03-31;1;SAO MARTINHO S.A.;020516;DF Consolidado - Demonstração do Resultado;REAL;MIL;PENÚLTIMO;2022-04-01;2023-03-31;3.10;Resultado Líquido de Operações Descontinuadas;0.0000000000;S
51.466.860/0001-56;2024-03-31;1;SAO MARTINHO S.A.;020516;DF Consolidado - Demonstração do Resultado;REAL;MIL;ÚLTIMO;2023-04-01;2024-03-31;3.10;Resultado Líquido de Operações Descontinuadas;0.0000000000;S
51.466.860/0001-56;2024-03-31;1;SAO MARTINHO S.A.;020516;DF Consolidado - Demonstração do Resultado;REAL;MIL;PENÚLTIMO;2022-04-01;2023-03-31;3.10.01;Lucro/Prejuízo Líquido das Operações Descontinuadas;0.0000000000;S
51.466.860/0001-56;2024-03-31;1;SAO MARTINHO S.A.;020516;DF Consolidado - Demonstração do Resultado;REAL;MIL;ÚLTIMO;2023-04-01;2024-03-31;3.10.01;Lucro/Prejuízo Líquido das Operações Descontinuadas;0.0000000000;S
51.466.860/0001-56;2024-03-31;1;SAO MARTINHO S.A.;020516;DF Consolidado - Demonstração do Resultado;REAL;MIL;PENÚLTIMO;2022-04-01;2023-03-31;3.10.02;Ganhos/Perdas Líquidas sobre Ativos de Operações Descontinuadas;0.0000000000;S
51.466.860/0001-56;2024-03-31;1;SAO MARTINHO S.A.;020516;DF Consolidado - Demonstração do Resultado;REAL;MIL;ÚLTIMO;2023-04-01;2024-03-31;3.10.02;Ganhos/Perdas Líquidas sobre Ativos de Operações Descontinuadas;0.0000000000;S
51.466.860/0001-56;2024-03-31;1;SAO MARTINHO S.A.;020516;DF Consolidado - Demonstração do Resultado;REAL;MIL;PENÚLTIMO;2022-04-01;2023-03-31;3.11;Lucro/Prejuízo Consolidado do Período;1015744.0000000000;S
51.466.860/0001-56;2024-03-31;1;SAO MARTINHO S.A.;020516;DF Consolidado - Demonstração do Resultado;REAL;MIL;ÚLTIMO;2023-04-01;2024-03-31;3.11;Lucro/Prejuízo Consolidado do Período;1476279.0000000000;S
51.466.860/0001-56;2024-03-31;1;SAO MARTINHO S.A.;020516;DF Consolidado - Demonstração do Resultado;REAL;MIL;PENÚLTIMO;2022-04-01;2023-03-31;3.11.01;Atribuído a Sócios da Empresa Controladora;1015744.0000000000;S
51.466.860/0001-56;2024-03-31;1;SAO MARTINHO S.A.;020516;DF Consolidado - Demonstração do Resultado;REAL;MIL;ÚLTIMO;2023-04-01;2024-03-31;3.11.01;Atribuído a Sócios da Empresa Controladora;1476279.0000000000;S
51.466.860/0001-56;2024-03-31;1;SAO MARTINHO S.A.;020516;DF Consolidado - Demonstração do Resultado;REAL;MIL;PENÚLTIMO;2022-04-01;2023-03-31;3.11.02;Atribuído a Sócios Não Controladores;0.0000000000;S
51.466.860/0001-56;2024-03-31;1;SAO MARTINHO S.A.;020516;DF Consolidado - Demonstração do Resultado;REAL;MIL;ÚLTIMO;2023-04-01;2024-03-31;3.11.02;Atribuído a Sócios Não Controladores;0.0000000000;S
51.466.860/0001-56;2024-03-31;1;SAO MARTINHO S.A.;020516;DF Consolidado - Demonstração do Resultado;REAL;MIL;PENÚLTIMO;2022-04-01;2023-03-31;3.99;Lucro por Ação - (Reais / Ação);0.0000000000;N
51.466.860/0001-56;2024-03-31;1;SAO MARTINHO S.A.;020516;DF Consolidado - Demonstração do Resultado;REAL;MIL;ÚLTIMO;2023-04-01;2024-03-31;3.99;Lucro por Ação - (Reais / Ação);0.0000000000;N
51.466.860/0001-56;2024-03-31;1;SAO MARTINHO S.A.;020516;DF Consolidado - Demonstração do Resultado;REAL;MIL;PENÚLTIMO;2022-04-01;2023-03-31;3.99.01;Lucro Básico por Ação;0.0000000000;N
51.466.860/0001-56;2024-03-31;1;SAO MARTINHO S.A.;020516;DF Consolidado - Demonstração do Resultado;REAL;MIL;ÚLTIMO;2023-04-01;2024-03-31;3.99.01;Lucro Básico por Ação;0.0000000000;N
51.466.860/0001-56;2024-03-31;1;SAO MARTINHO S.A.;020516;DF Consolidado - Demonstração do Resultado;REAL;MIL;PENÚLTIMO;2022-04-01;2023-03-31;3.99.01.01;ON;2.9325000000;N
51.466.860/0001-56;2024-03-31;1;SAO MARTINHO S.A.;020516;DF Consolidado - Demonstração do Resultado;REAL;MIL;ÚLTIMO;2023-04-01;2024-03-31;3.99.01.01;ON;4.2622000000;N
51.466.860/0001-56;2024-03-31;1;SAO MARTINHO S.A.;020516;DF Consolidado - Demonstração do Resultado;REAL;MIL;PENÚLTIMO;2022-04-01;2023-03-31;3.99.02;Lucro Diluído por Ação;0.0000000000;N
51.466.860/0001-56;2024-03-31;1;SAO MARTINHO S.A.;020516;DF Consolidado - Demonstração do Resultado;REAL;MIL;ÚLTIMO;2023-04-01;2024-03-31;3.99.02;Lucro Diluído por Ação;0.0000000000;N
51.466.860/0001-56;2024-03-31;1;SAO MARTINHO S.A.;020516;DF Consolidado - Demonstração do Resultado;REAL;MIL;PENÚLTIMO;2022-04-01;2023-03-31;3.99.02.01;ON;2.9325000000;N
51.466.860/0001-56;2024-03-31;1;SAO MARTINHO S.A.;020516;DF Consolidado - Demonstração do Resultado;REAL;MIL;ÚLTIMO;2023-04-01;2024-03-31;3.99.02.01;ON;4.2622000000;N
64.904.295/0001-03;2024-02-28;1;CAMIL ALIMENTOS S.A.;024228;DF Consolidado - Demonstração do Resultado;REAL;MIL;PENÚLTIMO;2022-03-01;2023-02-28;3.01;Receita de Venda de Bens e/ou Serviços;10205488.0000000000;S
64.904.295/0001-03;2024-02-28;1;CAMIL ALIMENTOS S.A.;024228;DF Consolidado - Demonstração do Resultado;REAL;MIL;ÚLTIMO;2023-03-01;2024-02-28;3.01;Receita de Venda de Bens e/ou Serviços;11249647.0000000000;S
64.904.295/0001-03;2024-02-28;1;CAMIL ALIMENTOS S.A.;024228;DF Consolidado - Demonstração do Resultado;REAL;MIL;PENÚLTIMO;2022-03-01;2023-02-28;3.02;Custo dos Bens e/ou Serviços Vendidos;-8085625.0000000000;S
64.904.295/0001-03;2024-02-28;1;CAMIL ALIMENTOS S.A.;024228;DF Consolidado - Demonstração do Resultado;REAL;MIL;ÚLTIMO;2023-03-01;2024-02-28;3.02;Custo dos Bens e/ou Serviços Vendidos;-8973675.0000000000;S
64.904.295/0001-03;2024-02-28;1;CAMIL ALIMENTOS S.A.;024228;DF Consolidado - Demonstração do Resultado;REAL;MIL;PENÚLTIMO;2022-03-01;2023-02-28;3.03;Resultado Bruto;2119863.0000000000;S
64.904.295/0001-03;2024-02-28;1;CAMIL ALIMENTOS S.A.;024228;DF Consolidado - Demonstração do Resultado;REAL;MIL;ÚLTIMO;2023-03-01;2024-02-28;3.03;Resultado Bruto;2275972.0000000000;S
64.904.295/0001-03;2024-02-28;1;CAMIL ALIMENTOS S.A.;024228;DF Consolidado - Demonstração do Resultado;REAL;MIL;PENÚLTIMO;2022-03-01;2023-02-28;3.04;Despesas/Receitas Operacionais;-1434075.0000000000;S
64.904.295/0001-03;2024-02-28;1;CAMIL ALIMENTOS S.A.;024228;DF Consolidado - Demonstração do Resultado;REAL;MIL;ÚLTIMO;2023-03-01;2024-02-28;3.04;Despesas/Receitas Operacionais;-1623874.0000000000;S
64.904.295/0001-03;2024-02-28;1;CAMIL ALIMENTOS S.A.;024228;DF Consolidado - Demonstração do Resultado;REAL;MIL;PENÚLTIMO;2022-03-01;2023-02-28;3.04.01;Despesas com Vendas;-1060306.0000000000;S
64.904.295/0001-03;2024-02-28;1;CAMIL ALIMENTOS S.A.;024228;DF Consolidado - Demonstração do Resultado;REAL;MIL;ÚLTIMO;2023-03-01;2024-02-28;3.04.01;Despesas com Vendas;-1096006.0000000000;S
64.904.295/0001-03;2024-02-28;1;CAMIL ALIMENTOS S.A.;024228;DF Consolidado - Demonstração do Resultado;REAL;MIL;PENÚLTIMO;2022-03-01;2023-02-28;3.04.02;Despesas Gerais e Administrativas;-586604.0000000000;S
64.904.295/0001-03;2024-02-28;1;CAMIL ALIMENTOS S.A.;024228;DF Consolidado - Demonstração do Resultado;REAL;MIL;ÚLTIMO;2023-03-01;2024-02-28;3.04.02;Despesas Gerais e Administrativas;-586185.0000000000;S
64.904.295/0001-03;2024-02-28;1;CAMIL ALIMENTOS S.A.;024228;DF Consolidado - Demonstração do Resultado;REAL;MIL;PENÚLTIMO;2022-03-01;2023-02-28;3.04.03;Perdas pela Não Recuperabilidade de Ativos;0.0000000000;S
64.904.295/0001-03;2024-02-28;1;CAMIL ALIMENTOS S.A.;024228;DF Consolidado - Demonstração do Resultado;REAL;MIL;ÚLTIMO;2023-03-01;2024-02-28;3.04.03;Perdas pela Não Recuperabilidade de Ativos;0.0000000000;S
64.904.295/0001-03;2024-02-28;1;CAMIL ALIMENTOS S.A.;024228;DF Consolidado - Demonstração do Resultado;REAL;MIL;PENÚLTIMO;2022-03-01;2023-02-28;3.04.04;Outras Receitas Operacionais;213469.0000000000;S
64.904.295/0001-03;2024-02-28;1;CAMIL ALIMENTOS S.A.;024228;DF Consolidado - Demonstração do Resultado;REAL;MIL;ÚLTIMO;2023-03-01;2024-02-28;3.04.04;Outras Receitas Operacionais;57234.0000000000;S
64.904.295/0001-03;2024-02-28;1;CAMIL ALIMENTOS S.A.;024228;DF Consolidado - Demonstração do Resultado;REAL;MIL;PENÚLTIMO;2022-03-01;2023-02-28;3.04.05;Outras Despesas Operacionais;0.0000000000;S
64.904.295/0001-03;2024-02-28;1;CAMIL ALIMENTOS S.A.;024228;DF Consolidado - Demonstração do Resultado;REAL;MIL;ÚLTIMO;2023-03-01;2024-02-28;3.04.05;Outras Despesas Operacionais;0.0000000000;S
64.904.295/0001-03;2024-02-28;1;CAMIL ALIMENTOS S.A.;024228;DF Consolidado - Demonstração do Resultado;REAL;MIL;PENÚLTIMO;2022-03-01;2023-02-28;3.04.06;Resultado de Equivalência Patrimonial;-634.0000000000;S
64.904.295/0001-03;2024-02-28;1;CAMIL ALIMENTOS S.A.;024228;DF Consolidado - Demonstração do Resultado;REAL;MIL;ÚLTIMO;2023-03-01;2024-02-28;3.04.06;Resultado de Equivalência Patrimonial;1083.0000000000;S
64.904.295/0001-03;2024-02-28;1;CAMIL ALIMENTOS S.A.;024228;DF Consolidado - Demonstração do Resultado;REAL;MIL;PENÚLTIMO;2022-03-01;2023-02-28;3.05;Resultado Antes do Resultado Financeiro e dos Tributos;685788.0000000000;S
64.904.295/0001-03;2024-02-28;1;CAMIL ALIMENTOS S.A.;024228;DF Consolidado - Demonstração do Resultado;REAL;MIL;ÚLTIMO;2023-03-01;2024-02-28;3.05;Resultado Antes do Resultado Financeiro e dos Tributos;652098.0000000000;S
64.904.295/0001-03;2024-02-28;1;CAMIL ALIMENTOS S.A.;024228;DF Consolidado - Demonstração do Resultado;REAL;MIL;PENÚLTIMO;2022-03-01;2023-02-28;3.06;Resultado Financeiro;-290563.0000000000;S
64.904.295/0001-03;2024-02-28;1;CAMIL ALIMENTOS S.A.;024228;DF Consolidado - Demonstração do Resultado;REAL;MIL;ÚLTIMO;2023-03-01;2024-02-28;3.06;Resultado Financeiro;-423730.0000000000;S
64.904.295/0001-03;2024-02-28;1;CAMIL ALIMENTOS S.A.;024228;DF Consolidado - Demonstração do Resultado;REAL;MIL;PENÚLTIMO;2022-03-01;2023-02-28;3.06.01;Receitas Financeiras;301981.0000000000;S
64.904.295/0001-03;2024-02-28;1;CAMIL ALIMENTOS S.A.;024228;DF Consolidado - Demonstração do Resultado;REAL;MIL;ÚLTIMO;2023-03-01;2024-02-28;3.06.01;Receitas Financeiras;332839.0000000000;S
64.904.295/0001-03;2024-02-28;1;CAMIL ALIMENTOS S.A.;024228;DF Consolidado - Demonstração do Resultado;REAL;MIL;PENÚLTIMO;2022-03-01;2023-02-28;3.06.02;Despesas Financeiras;-592544.0000000000;S
64.904.295/0001-03;2024-02-28;1;CAMIL ALIMENTOS S.A.;024228;DF Consolidado - Demonstração do Resultado;REAL;MIL;ÚLTIMO;2023-03-01;2024-02-28;3.06.02;Despesas Financeiras;-756569.0000000000;S
64.904.295/0001-03;2024-02-28;1;CAMIL ALIMENTOS S.A.;024228;DF Consolidado - Demonstração do Resultado;REAL;MIL;PENÚLTIMO;2022-03-01;2023-02-28;3.07;Resultado Antes dos Tributos sobre o Lucro;395225.0000000000;S
64.904.295/0001-03;2024-02-28;1;CAMIL ALIMENTOS S.A.;024228;DF Consolidado - Demonstração do Resultado;REAL;MIL;ÚLTIMO;2023-03-01;2024-02-28;3.07;Resultado Antes dos Tributos sobre o Lucro;228368.0000000000;S
64.904.295/0001-03;2024-02-28;1;CAMIL ALIMENTOS S.A.;024228;DF Consolidado - Demonstração do Resultado;REAL;MIL;PENÚLTIMO;2022-03-01;2023-02-28;3.08;Imposto de Renda e Contribuição Social sobre o Lucro;-41541.0000000000;S
64.904.295/0001-03;2024-02-28;1;CAMIL ALIMENTOS S.A.;024228;DF Consolidado - Demonstração do Resultado;REAL;MIL;ÚLTIMO;2023-03-01;2024-02-28;3.08;Imposto de Renda e Contribuição Social sobre o Lucro;132093.0000000000;S
64.904.295/0001-03;2024-02-28;1;CAMIL ALIMENTOS S.A.;024228;DF Consolidado - Demonstração do Resultado;REAL;MIL;PENÚLTIMO;2022-03-01;2023-02-28;3.08.01;Corrente;-26268.0000000000;S
64.904.295/0001-03;2024-02-28;1;CAMIL ALIMENTOS S.A.;024228;DF Consolidado - Demonstração do Resultado;REAL;MIL;ÚLTIMO;2023-03-01;2024-02-28;3.08.01;Corrente;-16421.0000000000;S
64.904.295/0001-03;2024-02-28;1;CAMIL ALIMENTOS S.A.;024228;DF Consolidado - Demonstração do Resultado;REAL;MIL;PENÚLTIMO;2022-03-01;2023-02-28;3.08.02;Diferido;-15273.0000000000;S
64.904.295/0001-03;2024-02-28;1;CAMIL ALIMENTOS S.A.;024228;DF Consolidado - Demonstração do Resultado;REAL;MIL;ÚLTIMO;2023-03-01;2024-02-28;3.08.02;Diferido;148514.0000000000;S
64.904.295/0001-03;2024-02-28;1;CAMIL ALIMENTOS S.A.;024228;DF Consolidado - Demonstração do Resultado;REAL;MIL;PENÚLTIMO;2022-03-01;2023-02-28;3.09;Resultado Líquido das Operações Continuadas;353684.0000000000;S
64.904.295/0001-03;2024-02-28;1;CAMIL ALIMENTOS S.A.;024228;DF Consolidado - Demonstração do Resultado;REAL;MIL;ÚLTIMO;2023-03-01;2024-02-28;3.09;Resultado Líquido das Operações Continuadas;360461.0000000000;S
64.904.295/0001-03;2024-02-28;1;CAMIL ALIMENTOS S.A.;024228;DF Consolidado - Demonstração do Resultado;REAL;MIL;PENÚLTIMO;2022-03-01;2023-02-28;3.10;Resultado Líquido de Operações Descontinuadas;0.0000000000;S
64.904.295/0001-03;2024-02-28;1;CAMIL ALIMENTOS S.A.;024228;DF Consolidado - Demonstração do Resultado;REAL;MIL;ÚLTIMO;2023-03-01;2024-02-28;3.10;Resultado Líquido de Operações Descontinuadas;0.0000000000;S
64.904.295/0001-03;2024-02-28;1;CAMIL ALIMENTOS S.A.;024228;DF Consolidado - Demonstração do Resultado;REAL;MIL;PENÚLTIMO;2022-03-01;2023-02-28;3.10.01;Lucro/Prejuízo Líquido das Operações Descontinuadas;0.0000000000;S
64.904.295/0001-03;2024-02-28;1;CAMIL ALIMENTOS S.A.;024228;DF Consolidado - Demonstração do Resultado;REAL;MIL;ÚLTIMO;2023-03-01;2024-02-28;3.10.01;Lucro/Prejuízo Líquido das Operações Descontinuadas;0.0000000000;S
64.904.295/0001-03;2024-02-28;1;CAMIL ALIMENTOS S.A.;024228;DF Consolidado - Demonstração do Resultado;REAL;MIL;PENÚLTIMO;2022-03-01;2023-02-28;3.10.02;Ganhos/Perdas Líquidas sobre Ativos de Operações Descontinuadas;0.0000000000;S
64.904.295/0001-03;2024-02-28;1;CAMIL ALIMENTOS S.A.;024228;DF Consolidado - Demonstração do Resultado;REAL;MIL;ÚLTIMO;2023-03-01;2024-02-28;3.10.02;Ganhos/Perdas Líquidas sobre Ativos de Operações Descontinuadas;0.0000000000;S
64.904.295/0001-03;2024-02-28;1;CAMIL ALIMENTOS S.A.;024228;DF Consolidado - Demonstração do Resultado;REAL;MIL;PENÚLTIMO;2022-03-01;2023-02-28;3.11;Lucro/Prejuízo Consolidado do Período;353684.0000000000;S
64.904.295/0001-03;2024-02-28;1;CAMIL ALIMENTOS S.A.;024228;DF Consolidado - Demonstração do Resultado;REAL;MIL;ÚLTIMO;2023-03-01;2024-02-28;3.11;Lucro/Prejuízo Consolidado do Período;360461.0000000000;S
64.904.295/0001-03;2024-02-28;1;CAMIL ALIMENTOS S.A.;024228;DF Consolidado - Demonstração do Resultado;REAL;MIL;PENÚLTIMO;2022-03-01;2023-02-28;3.11.01;Atribuído a Sócios da Empresa Controladora;353421.0000000000;S
64.904.295/0001-03;2024-02-28;1;CAMIL ALIMENTOS S.A.;024228;DF Consolidado - Demonstração do Resultado;REAL;MIL;ÚLTIMO;2023-03-01;2024-02-28;3.11.01;Atribuído a Sócios da Empresa Controladora;360337.0000000000;S
64.904.295/0001-03;2024-02-28;1;CAMIL ALIMENTOS S.A.;024228;DF Consolidado - Demonstração do Resultado;REAL;MIL;PENÚLTIMO;2022-03-01;2023-02-28;3.11.02;Atribuído a Sócios Não Controladores;263.0000000000;S
64.904.295/0001-03;2024-02-28;1;CAMIL ALIMENTOS S.A.;024228;DF Consolidado - Demonstração do Resultado;REAL;MIL;ÚLTIMO;2023-03-01;2024-02-28;3.11.02;Atribuído a Sócios Não Controladores;124.0000000000;S
64.904.295/0001-03;2024-02-28;1;CAMIL ALIMENTOS S.A.;024228;DF Consolidado - Demonstração do Resultado;REAL;MIL;PENÚLTIMO;2022-03-01;2023-02-28;3.99;Lucro por Ação - (Reais / Ação);0.0000000000;N
64.904.295/0001-03;2024-02-28;1;CAMIL ALIMENTOS S.A.;024228;DF Consolidado - Demonstração do Resultado;REAL;MIL;ÚLTIMO;2023-03-01;2024-02-28;3.99;Lucro por Ação - (Reais / Ação);0.0000000000;N
64.904.295/0001-03;2024-02-28;1;CAMIL ALIMENTOS S.A.;024228;DF Consolidado - Demonstração do Resultado;REAL;MIL;PENÚLTIMO;2022-03-01;2023-02-28;3.99.01;Lucro Básico por Ação;0.0000000000;N
64.904.295/0001-03;2024-02-28;1;CAMIL ALIMENTOS S.A.;024228;DF Consolidado - Demonstração do Resultado;REAL;MIL;ÚLTIMO;2023-03-01;2024-02-28;3.99.01;Lucro Básico por Ação;0.0000000000;N
64.904.295/0001-03;2024-02-28;1;CAMIL ALIMENTOS S.A.;024228;DF Consolidado - Demonstração do Resultado;REAL;MIL;PENÚLTIMO;2022-03-01;2023-02-28;3.99.01.01;ON;0.0000000000;N
64.904.295/0001-03;2024-02-28;1;CAMIL ALIMENTOS S.A.;024228;DF Consolidado - Demonstração do Resultado;REAL;MIL;ÚLTIMO;2023-03-01;2024-02-28;3.99.01.01;ON;0.0000000000;N
64.904.295/0001-03;2024-02-28;1;CAMIL ALIMENTOS S.A.;024228;DF Consolidado - Demonstração do Resultado;REAL;MIL;PENÚLTIMO;2022-03-01;2023-02-28;3.99.02;Lucro Diluído por Ação;0.0000000000;N
64.904.295/0001-03;2024-02-28;1;CAMIL ALIMENTOS S.A.;024228;DF Consolidado - Demonstração do Resultado;REAL;MIL;ÚLTIMO;2023-03-01;2024-02-28;3.99.02;Lucro Diluído por Ação;0.0000000000;N
64.904.295/0001-03;2024-02-28;1;CAMIL ALIMENTOS S.A.;024228;DF Consolidado - Demonstração do Resultado;REAL;MIL;PENÚLTIMO;2022-03-01;2023-02-28;3.99.02.01;ON;0.0000000000;N
64.904.295/0001-03;2024-02-28;1;CAMIL ALIMENTOS S.A.;024228;DF Consolidado - Demonstração do Resultado;REAL;MIL;ÚLTIMO;2023-03-01;2024-02-28;3.99.02.01;ON;0.0000000000;N
